issued_at,target_time,lead_h,cl_bm,cl_ec,cl_avg,rh2m_bm,rh2m_ec,rh_above_bm,rh_above_ec,p_above_bm,p_above_ec,v_bm,v_ec,wind_bm,vis_bm,precip_bm,precip_ec
2026-09-10 17:25,2026-09-10 18:00,1,96,60,78.0,99,100,95,94,850,850,0.00,0.00,3.8,480,0.10
2026-09-10 17:25,2026-09-10 19:00,2,95,60,77.5,99,100,95,95,850,850,0.00,0.00,2.5,460,0.00
2026-09-10 17:25,2026-09-11 05:00,12,43,87,65.0,97,100,91,100,850,850,0.00,0.00,3.8,360,0.60
2026-09-10 17:25,2026-09-11 06:00,13,59,89,74.0,97,100,91,100,850,850,0.00,0.00,3.4,420,0.20
2026-09-10 17:25,2026-09-11 07:00,14,63,85,74.0,98,100,93,100,850,850,0.00,0.00,1.5,440,0.60
2026-09-10 17:25,2026-09-11 08:00,15,54,79,66.5,97,99,96,99,850,850,0.00,0.00,1.8,1180,1.30
2026-09-10 17:25,2026-09-11 09:00,16,53,72,62.5,97,98,97,98,850,850,0.00,0.00,3.3,2620,2.40
2026-09-10 17:25,2026-09-11 10:00,17,47,65,56.0,95,95,95,97,850,850,0.00,0.00,1.9,5400,1.40
2026-09-10 17:25,2026-09-11 11:00,18,43,58,50.5,90,90,93,96,850,850,0.00,0.00,4.3,6120,0.00
2026-09-10 17:25,2026-09-11 12:00,19,40,54,47.0,80,86,91,95,850,850,0.15,0.15,2.9,4000,0.00
2026-09-10 17:25,2026-09-11 13:00,20,58,54,56.0,73,83,92,95,850,850,0.15,0.15,1.9,6600,0.00
2026-09-10 17:25,2026-09-11 14:00,21,62,56,59.0,74,80,94,95,850,850,0.15,0.15,1.8,5620,0.00
2026-09-10 17:25,2026-09-11 15:00,22,52,59,55.5,84,80,96,96,850,850,0.15,0.15,3.3,4560,0.20
2026-09-10 17:25,2026-09-11 16:00,23,35,63,49.0,92,85,96,97,850,850,0.00,0.15,3.3,3660,1.30
2026-09-10 17:25,2026-09-11 17:00,24,49,69,59.0,96,93,96,97,850,850,0.00,0.00,4.5,4180,0.70
2026-09-10 17:25,2026-09-11 18:00,25,36,74,55.0,98,99,95,98,850,850,0.00,0.00,3.7,1960,1.10
2026-09-10 17:25,2026-09-11 19:00,26,46,79,62.5,98,100,95,98,850,850,0.00,0.00,3.9,260,0.90
2026-09-10 17:25,2026-09-12 05:00,36,100,77,88.5,99,100,90,97,850,850,0.00,0.00,1.9,140,0.00
2026-09-10 17:25,2026-09-12 06:00,37,99,75,87.0,99,100,92,96,850,850,0.00,0.00,1.9,100,0.00
2026-09-10 17:25,2026-09-12 07:00,38,98,76,87.0,99,99,93,97,850,850,0.00,0.00,1.5,100,0.00
2026-09-10 17:25,2026-09-12 08:00,39,99,78,88.5,99,98,93,98,850,850,0.00,0.00,1.3,340,0.00
2026-09-10 17:25,2026-09-12 09:00,40,98,79,88.5,99,97,93,99,850,850,0.00,0.00,1.8,1600,0.00
2026-09-10 17:25,2026-09-12 10:00,41,94,79,86.5,99,95,92,99,850,850,0.00,0.00,3.1,4220,0.10
2026-09-10 17:25,2026-09-12 11:00,42,46,77,61.5,96,93,91,99,850,850,0.00,0.00,4.0,3300,0.90
2026-09-10 18:25,2026-09-10 19:00,1,95,60,77.5,99,100,95,95,850,850,0.00,0.00,2.5,460,0.00
2026-09-10 18:25,2026-09-11 05:00,11,43,87,65.0,97,100,91,100,850,850,0.00,0.00,3.8,360,0.60
2026-09-10 18:25,2026-09-11 06:00,12,59,89,74.0,97,100,91,100,850,850,0.00,0.00,3.4,420,0.20
2026-09-10 18:25,2026-09-11 07:00,13,63,85,74.0,98,100,93,100,850,850,0.00,0.00,1.5,440,0.60
2026-09-10 18:25,2026-09-11 08:00,14,54,79,66.5,97,99,96,99,850,850,0.00,0.00,1.8,1180,1.30
2026-09-10 18:25,2026-09-11 09:00,15,53,72,62.5,97,98,97,98,850,850,0.00,0.00,3.3,2620,2.40
2026-09-10 18:25,2026-09-11 10:00,16,47,65,56.0,95,95,95,97,850,850,0.00,0.00,1.9,5400,1.40
2026-09-10 18:25,2026-09-11 11:00,17,43,58,50.5,90,90,93,96,850,850,0.00,0.00,4.3,6120,0.00
2026-09-10 18:25,2026-09-11 12:00,18,40,54,47.0,80,86,91,95,850,850,0.15,0.15,2.9,4000,0.00
2026-09-10 18:25,2026-09-11 13:00,19,58,54,56.0,73,83,92,95,850,850,0.15,0.15,1.9,6600,0.00
2026-09-10 18:25,2026-09-11 14:00,20,62,56,59.0,74,80,94,95,850,850,0.15,0.15,1.8,5620,0.00
2026-09-10 18:25,2026-09-11 15:00,21,52,59,55.5,84,80,96,96,850,850,0.15,0.15,3.3,4560,0.20
2026-09-10 18:25,2026-09-11 16:00,22,35,63,49.0,92,85,96,97,850,850,0.00,0.15,3.3,3660,1.30
2026-09-10 18:25,2026-09-11 17:00,23,49,69,59.0,96,93,96,97,850,850,0.00,0.00,4.5,4180,0.70
2026-09-10 18:25,2026-09-11 18:00,24,36,74,55.0,98,99,95,98,850,850,0.00,0.00,3.7,1960,1.10
2026-09-10 18:25,2026-09-11 19:00,25,46,79,62.5,98,100,95,98,850,850,0.00,0.00,3.9,260,0.90
2026-09-10 18:25,2026-09-12 05:00,35,100,77,88.5,99,100,90,97,850,850,0.00,0.00,1.9,140,0.00
2026-09-10 18:25,2026-09-12 06:00,36,99,75,87.0,99,100,92,96,850,850,0.00,0.00,1.9,100,0.00
2026-09-10 18:25,2026-09-12 07:00,37,98,76,87.0,99,99,93,97,850,850,0.00,0.00,1.5,100,0.00
2026-09-10 18:25,2026-09-12 08:00,38,99,78,88.5,99,98,93,98,850,850,0.00,0.00,1.3,340,0.00
2026-09-10 18:25,2026-09-12 09:00,39,98,79,88.5,99,97,93,99,850,850,0.00,0.00,1.8,1600,0.00
2026-09-10 18:25,2026-09-12 10:00,40,94,79,86.5,99,95,92,99,850,850,0.00,0.00,3.1,4220,0.10
2026-09-10 18:25,2026-09-12 11:00,41,46,77,61.5,96,93,91,99,850,850,0.00,0.00,4.0,3300,0.90
2026-09-10 18:25,2026-09-12 12:00,42,43,75,59.0,94,92,91,99,850,850,0.00,0.00,5.2,7280,0.80
2026-09-11 06:25,2026-09-11 07:00,1,48,65,56.5,97,98,96,97,850,850,0.00,0.00,4.5,580,0.50
2026-09-11 06:25,2026-09-11 08:00,2,63,58,60.5,96,95,96,96,850,850,0.00,0.00,5.2,16220,1.40
2026-09-11 06:25,2026-09-11 09:00,3,59,53,56.0,95,93,96,95,850,850,0.00,0.00,4.3,10760,2.70
2026-09-11 06:25,2026-09-11 10:00,4,61,49,55.0,94,92,94,94,850,850,0.00,0.00,3.7,3260,2.90
2026-09-11 06:25,2026-09-11 11:00,5,36,45,40.5,92,91,91,93,850,850,0.00,0.00,3.3,4020,2.10
2026-09-11 06:25,2026-09-11 12:00,6,42,44,43.0,90,90,89,93,850,850,0.50,0.00,2.9,10140,0.50
2026-09-11 06:25,2026-09-11 13:00,7,46,45,45.5,85,90,91,93,850,850,0.15,0.00,1.5,8860,0.00
2026-09-11 06:25,2026-09-11 14:00,8,67,49,58.0,80,90,95,94,850,850,0.15,0.00,1.5,6720,0.00
2026-09-11 06:25,2026-09-11 15:00,9,55,52,53.5,78,91,97,95,850,850,0.15,0.00,2.8,2100,0.10
2026-09-11 06:25,2026-09-11 16:00,10,64,55,59.5,76,94,95,96,850,850,0.15,0.00,2.3,3240,0.00
2026-09-11 06:25,2026-09-11 17:00,11,62,58,60.0,82,97,92,97,850,850,0.15,0.00,1.1,5800,0.00
2026-09-11 06:25,2026-09-11 18:00,12,68,62,65.0,90,100,90,97,850,850,0.00,0.00,2.0,700,0.20
2026-09-11 06:25,2026-09-11 19:00,13,37,66,51.5,93,100,92,96,850,850,0.00,0.00,3.1,380,0.10
2026-09-11 06:25,2026-09-12 05:00,23,93,83,88.0,99,100,75,99,850,850,0.50,0.00,3.7,320,0.00
2026-09-11 06:25,2026-09-12 06:00,24,97,79,88.0,99,100,75,99,850,850,0.50,0.00,2.2,360,0.00
2026-09-11 06:25,2026-09-12 07:00,25,99,78,88.5,99,100,79,99,850,850,0.50,0.00,1.1,580,0.00
2026-09-11 06:25,2026-09-12 08:00,26,35,79,57.0,95,99,85,99,850,850,0.50,0.00,1.6,860,0.00
2026-09-11 06:25,2026-09-12 09:00,27,28,78,53.0,88,98,90,99,850,850,0.15,0.00,4.0,1220,0.00
2026-09-11 06:25,2026-09-12 10:00,28,35,74,54.5,81,97,92,98,850,850,0.15,0.00,5.1,2020,0.00
2026-09-11 06:25,2026-09-12 11:00,29,51,70,60.5,75,95,93,98,850,850,0.15,0.00,4.8,2800,0.00
2026-09-11 06:25,2026-09-12 12:00,30,57,66,61.5,73,94,94,97,850,850,0.15,0.00,4.6,2780,0.00
2026-09-11 06:25,2026-09-12 13:00,31,48,65,56.5,71,93,95,97,850,850,0.15,0.00,4.7,2740,0.10
2026-09-11 06:25,2026-09-12 14:00,32,66,65,65.5,72,93,96,97,850,850,0.15,0.00,3.9,9760,0.00
2026-09-11 06:25,2026-09-12 15:00,33,69,65,67.0,78,93,96,97,850,850,0.15,0.00,2.8,7500,0.10
2026-09-11 06:25,2026-09-12 16:00,34,41,65,53.0,95,95,96,97,850,850,0.00,0.00,3.3,4240,2.80
2026-09-11 06:25,2026-09-12 17:00,35,51,66,58.5,98,97,96,98,850,850,0.00,0.00,3.8,8180,3.10
2026-09-11 06:25,2026-09-12 18:00,36,70,67,68.5,98,99,96,98,850,850,0.00,0.00,6.3,3480,4.10
2026-09-11 06:25,2026-09-12 19:00,37,75,70,72.5,98,100,96,97,850,850,0.00,0.00,4.1,260,3.00
2026-09-11 18:25,2026-09-11 19:00,1,30,58,44.0,97,99,94,91,850,850,0.00,0.00,2.1,160,0.00
2026-09-11 18:25,2026-09-12 05:00,11,100,79,89.5,99,100,88,91,850,850,0.50,0.00,1.8,160,0.00
2026-09-11 18:25,2026-09-12 06:00,12,100,78,89.0,99,100,88,92,850,850,0.50,0.00,0.4,120,0.00
2026-09-11 18:25,2026-09-12 07:00,13,100,74,87.0,99,99,90,94,850,850,0.00,0.00,1.1,100,0.00
2026-09-11 18:25,2026-09-12 08:00,14,99,68,83.5,99,97,94,96,850,850,0.00,0.00,2.2,300,0.00
2026-09-11 18:25,2026-09-12 09:00,15,75,63,69.0,98,96,96,97,850,850,0.00,0.00,3.3,560,0.10
2026-09-11 18:25,2026-09-12 10:00,16,42,62,52.0,94,95,97,97,850,850,0.00,0.00,2.4,5660,0.20
2026-09-11 18:25,2026-09-12 11:00,17,43,63,53.0,91,94,97,97,850,850,0.00,0.00,3.1,2000,0.50
2026-09-11 18:25,2026-09-12 12:00,18,43,63,53.0,96,94,97,97,850,850,0.00,0.00,6.2,5380,2.40
2026-09-11 18:25,2026-09-12 13:00,19,37,62,49.5,96,95,96,97,850,850,0.00,0.00,6.9,5120,3.00
2026-09-11 18:25,2026-09-12 14:00,20,35,61,48.0,95,97,94,97,850,850,0.00,0.00,5.4,3820,0.80
2026-09-11 18:25,2026-09-12 15:00,21,35,61,48.0,92,98,92,97,850,850,0.00,0.00,4.3,3500,0.20
2026-09-11 18:25,2026-09-12 16:00,22,47,63,55.0,96,99,92,98,850,850,0.00,0.00,4.7,2900,0.70
2026-09-11 18:25,2026-09-12 17:00,23,56,66,61.0,98,100,92,98,850,850,0.00,0.00,5.1,1640,1.10
2026-09-11 18:25,2026-09-12 18:00,24,67,69,68.0,98,100,92,98,850,850,0.00,0.00,4.1,400,0.20
2026-09-11 18:25,2026-09-12 19:00,25,94,70,82.0,99,100,90,96,850,850,0.00,0.00,3.6,160,0.10
2026-09-11 18:25,2026-09-13 05:00,35,21,73,47.0,94,100,82,92,850,850,0.50,0.00,2.8,120,0.00
2026-09-11 18:25,2026-09-13 06:00,36,16,71,43.5,95,100,82,93,850,850,0.50,0.00,2.8,220,0.00
2026-09-11 18:25,2026-09-13 07:00,37,14,66,40.0,95,99,81,94,850,850,0.50,0.00,2.1,180,0.00
2026-09-11 18:25,2026-09-13 08:00,38,34,61,47.5,96,98,79,95,850,850,0.50,0.00,3.1,360,0.00
2026-09-11 18:25,2026-09-13 09:00,39,27,59,43.0,93,97,80,96,850,850,0.50,0.00,4.1,740,0.00
2026-09-11 18:25,2026-09-13 10:00,40,31,66,48.5,82,94,85,98,850,850,1.00,0.00,4.6,640,0.00
2026-09-11 18:25,2026-09-13 11:00,41,37,77,57.0,77,91,92,100,850,850,0.15,0.00,4.5,7000,0.00
2026-09-11 18:25,2026-09-13 12:00,42,42,79,60.5,76,89,97,99,850,850,0.15,0.15,5.4,4500,0.00
2026-09-12 06:25,2026-09-12 07:00,1,37,72,54.5,95,99,91,98,850,850,0.00,0.00,2.1,120,0.00
2026-09-12 06:25,2026-09-12 08:00,2,37,72,54.5,92,97,89,98,850,850,0.50,0.00,2.5,380,0.00
2026-09-12 06:25,2026-09-12 09:00,3,36,71,53.5,87,96,88,98,850,850,1.00,0.00,4.0,2100,0.00
2026-09-12 06:25,2026-09-12 10:00,4,36,67,51.5,82,95,90,97,850,850,0.15,0.00,4.7,1880,0.00
2026-09-12 06:25,2026-09-12 11:00,5,50,62,56.0,77,94,94,96,850,850,0.15,0.00,5.0,3940,0.10
2026-09-12 06:25,2026-09-12 12:00,6,55,59,57.0,78,94,97,96,850,850,0.15,0.00,5.4,2320,0.10
2026-09-12 06:25,2026-09-12 13:00,7,75,61,68.0,90,95,96,96,850,850,0.00,0.00,4.6,3640,0.70
2026-09-12 06:25,2026-09-12 14:00,8,69,67,68.0,95,97,94,97,850,850,0.00,0.00,4.0,1580,4.50
2026-09-12 06:25,2026-09-12 15:00,9,43,72,57.5,96,99,93,98,850,850,0.00,0.00,5.4,3500,3.80
2026-09-12 06:25,2026-09-12 16:00,10,41,76,58.5,97,100,95,99,850,850,0.00,0.00,5.8,4480,1.10
2026-09-12 06:25,2026-09-12 17:00,11,53,81,67.0,98,100,97,99,850,850,0.00,0.00,5.9,2080,0.20
2026-09-12 06:25,2026-09-12 18:00,12,89,85,87.0,99,100,99,99,850,850,0.00,0.00,4.7,680,0.20
2026-09-12 06:25,2026-09-12 19:00,13,94,90,92.0,99,100,98,99,850,850,0.00,0.00,3.1,320,0.10
2026-09-12 06:25,2026-09-13 05:00,23,96,73,84.5,99,100,84,94,850,850,0.50,0.00,2.6,140,0.00
2026-09-12 06:25,2026-09-13 06:00,24,95,72,83.5,99,100,82,94,850,850,0.50,0.00,2.7,120,0.00
2026-09-12 06:25,2026-09-13 07:00,25,98,72,85.0,99,99,82,95,850,850,0.50,0.00,2.9,120,0.00
2026-09-12 06:25,2026-09-13 08:00,26,98,72,85.0,99,97,84,97,850,850,0.50,0.00,3.9,300,0.00
2026-09-12 06:25,2026-09-13 09:00,27,89,71,80.0,99,96,87,98,850,850,0.50,0.00,5.1,840,0.00
2026-09-12 06:25,2026-09-13 10:00,28,33,68,50.5,92,96,90,98,850,850,0.00,0.00,4.8,2060,0.00
2026-09-12 06:25,2026-09-13 11:00,29,33,63,48.0,84,97,94,97,850,850,0.15,0.00,5.1,1440,0.10
2026-09-12 06:25,2026-09-13 12:00,30,41,54,47.5,78,96,97,95,850,850,0.15,0.00,5.3,4880,0.10
2026-09-12 06:25,2026-09-13 13:00,31,52,37,44.5,78,91,97,91,850,850,0.15,0.00,5.5,8940,0.10
2026-09-12 06:25,2026-09-13 14:00,32,41,17,29.0,79,85,95,85,850,850,0.15,1.00,5.0,10880,0.00
2026-09-12 06:25,2026-09-13 15:00,33,37,4,20.5,80,81,94,79,850,850,0.15,1.00,5.5,12680,0.10
2026-09-12 06:25,2026-09-13 16:00,34,34,5,19.5,95,83,94,72,850,850,0.00,1.00,2.2,22920,2.00
2026-09-12 06:25,2026-09-13 17:00,35,37,14,25.5,97,88,95,65,850,850,0.00,1.00,3.2,24560,2.60
2026-09-12 06:25,2026-09-13 18:00,36,38,24,31.0,98,93,95,59,850,850,0.00,0.50,3.3,15900,2.30
2026-09-12 06:25,2026-09-13 19:00,37,44,35,39.5,99,96,96,56,850,850,0.00,0.50,3.3,380,1.60
2026-09-12 18:25,2026-09-12 19:00,1,86,71,78.5,99,100,95,95,850,850,0.00,0.00,3.6,180,0.00
2026-09-12 18:25,2026-09-13 05:00,11,25,78,51.5,98,100,81,93,850,850,0.50,0.00,3.6,160,0.00
2026-09-12 18:25,2026-09-13 06:00,12,27,81,54.0,98,100,81,94,850,850,0.50,0.00,3.6,120,0.00
2026-09-12 18:25,2026-09-13 07:00,13,28,78,53.0,98,100,81,95,850,850,0.50,0.00,2.2,120,0.00
2026-09-12 18:25,2026-09-13 08:00,14,28,71,49.5,97,99,82,96,850,850,0.50,0.00,4.4,100,0.00
2026-09-12 18:25,2026-09-13 09:00,15,27,66,46.5,93,99,84,97,850,850,0.50,0.00,4.3,580,0.00
2026-09-12 18:25,2026-09-13 10:00,16,32,65,48.5,85,99,87,97,850,850,1.00,0.00,4.6,2120,0.00
2026-09-12 18:25,2026-09-13 11:00,17,43,66,54.5,82,99,92,98,850,850,0.15,0.00,5.7,2660,0.10
2026-09-12 18:25,2026-09-13 12:00,18,39,64,51.5,90,98,95,97,850,850,0.00,0.00,6.2,4780,0.30
2026-09-12 18:25,2026-09-13 13:00,19,45,56,50.5,97,95,96,95,850,850,0.00,0.00,7.2,4720,1.50
2026-09-12 18:25,2026-09-13 14:00,20,50,46,48.0,94,90,96,93,850,850,0.00,0.00,5.0,5380,0.10
2026-09-12 18:25,2026-09-13 15:00,21,50,38,44.0,87,88,95,91,850,850,0.15,0.15,5.5,9240,0.10
2026-09-12 18:25,2026-09-13 16:00,22,44,33,38.5,82,90,93,89,850,850,0.15,0.50,5.4,11100,0.00
2026-09-12 18:25,2026-09-13 17:00,23,40,30,35.0,83,95,90,87,850,850,0.15,0.50,4.6,9600,0.00
2026-09-12 18:25,2026-09-13 18:00,24,32,32,32.0,88,99,87,84,850,850,1.00,0.50,4.0,8820,0.00
2026-09-12 18:25,2026-09-13 19:00,25,26,41,33.5,95,100,86,78,850,850,0.50,0.50,4.3,180,0.00
2026-09-12 18:25,2026-09-14 05:00,35,100,72,86.0,99,100,74,94,850,850,0.50,0.00,4.8,320,0.00
2026-09-12 18:25,2026-09-14 06:00,36,100,71,85.5,99,99,70,98,850,850,0.50,0.00,4.3,440,0.00
2026-09-12 18:25,2026-09-14 07:00,37,82,60,71.0,99,98,71,97,850,850,0.50,0.00,7.2,880,0.00
2026-09-12 18:25,2026-09-14 08:00,38,21,46,33.5,94,96,75,93,850,850,0.50,0.00,4.6,2380,0.00
2026-09-12 18:25,2026-09-14 09:00,39,25,37,31.0,85,94,79,90,850,850,1.00,0.00,5.0,8760,0.00
2026-09-12 18:25,2026-09-14 10:00,40,31,42,36.5,76,91,82,92,850,850,1.00,0.00,6.2,7460,0.00
2026-09-12 18:25,2026-09-14 11:00,41,27,52,39.5,71,86,85,95,850,850,1.00,0.15,5.4,12720,0.00
2026-09-12 18:25,2026-09-14 12:00,42,34,54,44.0,69,83,87,95,850,850,1.00,0.15,5.8,2120,0.00
2026-09-13 06:25,2026-09-13 07:00,1,100,60,80.0,99,99,90,92,850,850,0.00,0.00,4.3,160,0.00
2026-09-13 06:25,2026-09-13 08:00,2,100,59,79.5,99,98,90,94,850,850,0.00,0.00,4.8,120,0.00
2026-09-13 06:25,2026-09-13 09:00,3,81,61,71.0,98,97,90,95,850,850,0.00,0.00,5.8,320,0.00
2026-09-13 06:25,2026-09-13 10:00,4,35,67,51.0,88,97,90,97,850,850,0.15,0.00,4.8,880,0.00
2026-09-13 06:25,2026-09-13 11:00,5,37,76,56.5,88,97,91,98,850,850,0.15,0.00,5.9,2660,0.20
2026-09-13 06:25,2026-09-13 12:00,6,44,78,61.0,97,97,92,99,850,850,0.00,0.00,7.4,3360,1.50
2026-09-13 06:25,2026-09-13 13:00,7,42,68,55.0,93,96,95,98,850,850,0.00,0.00,5.9,3460,0.10
2026-09-13 06:25,2026-09-13 14:00,8,45,51,48.0,79,95,98,95,850,850,0.15,0.00,6.2,5020,0.00
2026-09-13 06:25,2026-09-13 15:00,9,45,39,42.0,76,94,98,92,850,850,0.15,0.00,6.6,5600,0.00
2026-09-13 06:25,2026-09-13 16:00,10,45,35,40.0,77,95,92,88,850,850,0.15,0.50,6.1,9840,0.00
2026-09-13 06:25,2026-09-13 17:00,11,38,36,37.0,81,97,82,84,850,850,1.00,0.50,5.4,8600,0.00
2026-09-13 06:25,2026-09-13 18:00,12,26,39,32.5,86,99,76,79,850,850,1.00,0.50,4.6,9280,0.00
2026-09-13 06:25,2026-09-13 19:00,13,22,44,33.0,94,100,77,73,850,850,0.50,0.50,4.9,180,0.00
2026-09-13 06:25,2026-09-14 05:00,23,100,68,84.0,99,100,82,77,850,850,0.50,0.50,4.2,340,0.00
2026-09-13 06:25,2026-09-14 06:00,24,100,64,82.0,99,100,84,89,850,850,0.50,0.50,3.9,200,0.00
2026-09-13 06:25,2026-09-14 07:00,25,100,59,79.5,99,98,86,93,850,850,0.50,0.00,5.3,640,0.00
2026-09-13 06:25,2026-09-14 08:00,26,47,54,50.5,96,94,89,94,850,850,0.50,0.00,5.6,2420,0.00
2026-09-13 06:25,2026-09-14 09:00,27,31,49,40.0,90,91,90,94,850,850,0.00,0.00,4.5,3620,0.10
2026-09-13 06:25,2026-09-14 10:00,28,31,45,38.0,93,87,90,94,850,850,0.00,0.15,4.6,5080,0.90
2026-09-13 06:25,2026-09-14 11:00,29,25,42,33.5,93,82,89,93,850,850,0.50,0.15,5.2,8660,2.30
2026-09-13 06:25,2026-09-14 12:00,30,22,38,30.0,92,80,88,91,850,850,0.50,0.15,5.4,13500,2.10
2026-09-13 06:25,2026-09-14 13:00,31,23,30,26.5,91,83,86,88,850,850,0.50,1.00,5.8,13320,0.80
2026-09-13 06:25,2026-09-14 14:00,32,22,22,22.0,75,89,84,84,850,850,1.00,1.00,4.7,3960,0.00
2026-09-13 06:25,2026-09-14 15:00,33,27,18,22.5,72,94,83,82,850,850,1.00,0.50,4.7,7000,0.00
2026-09-13 06:25,2026-09-14 16:00,34,35,24,29.5,76,96,86,85,850,850,1.00,0.50,4.3,5140,0.00
2026-09-13 06:25,2026-09-14 17:00,35,31,35,33.0,93,97,90,90,850,850,0.00,0.00,4.2,8320,0.80
2026-09-13 06:25,2026-09-14 18:00,36,28,45,36.5,96,98,91,93,850,850,0.00,0.00,3.2,6820,0.80
2026-09-13 06:25,2026-09-14 19:00,37,56,52,54.0,97,99,88,91,850,850,0.50,0.00,3.1,3680,0.30
2026-09-13 18:25,2026-09-13 19:00,1,27,43,35.0,96,100,70,68,850,850,0.50,0.50,4.9,180,0.00
2026-09-13 18:25,2026-09-14 05:00,11,100,66,83.0,99,100,85,81,850,850,0.50,0.50,4.5,180,0.00
2026-09-13 18:25,2026-09-14 06:00,12,100,67,83.5,99,100,83,89,850,850,0.50,0.50,4.5,160,0.00
2026-09-13 18:25,2026-09-14 07:00,13,99,64,81.5,99,99,82,93,850,850,0.50,0.00,4.8,340,0.00
2026-09-13 18:25,2026-09-14 08:00,14,37,59,48.0,93,97,82,95,850,850,0.50,0.00,4.0,580,0.00
2026-09-13 18:25,2026-09-14 09:00,15,37,56,46.5,91,94,83,96,850,850,0.50,0.00,5.2,840,0.10
2026-09-13 18:25,2026-09-14 10:00,16,29,59,44.0,89,86,86,97,850,850,1.00,0.15,4.7,13140,0.50
2026-09-13 18:25,2026-09-14 11:00,17,28,64,46.0,93,77,89,98,850,850,0.50,0.15,5.4,13420,2.00
2026-09-13 18:25,2026-09-14 12:00,18,23,68,45.5,92,73,91,98,850,850,0.00,0.15,4.9,6360,1.30
2026-09-13 18:25,2026-09-14 13:00,19,24,70,47.0,95,79,90,98,850,850,0.00,0.15,5.1,1700,1.90
2026-09-13 18:25,2026-09-14 14:00,20,23,71,47.0,91,89,86,98,850,850,0.50,0.15,4.7,3780,0.80
2026-09-13 18:25,2026-09-14 15:00,21,10,73,41.5,79,97,85,98,850,850,1.00,0.00,3.6,2180,0.00
2026-09-13 18:25,2026-09-14 16:00,22,49,77,63.0,70,99,87,97,850,850,1.00,0.00,4.1,2700,0.00
2026-09-13 18:25,2026-09-14 17:00,23,36,82,59.0,95,98,91,96,850,850,0.00,0.00,3.1,4060,1.50
2026-09-13 18:25,2026-09-14 18:00,24,37,84,60.5,98,97,93,95,850,850,0.00,0.00,2.5,940,4.70
2026-09-13 18:25,2026-09-14 19:00,25,35,80,57.5,98,98,91,94,850,850,0.00,0.00,3.3,380,2.30
2026-09-13 18:25,2026-09-15 05:00,35,38,44,41.0,93,99,94,79,850,850,0.00,0.50,2.6,180,1.90
2026-09-13 18:25,2026-09-15 06:00,36,43,34,38.5,96,99,94,84,850,850,0.00,0.50,2.2,300,5.00
2026-09-13 18:25,2026-09-15 07:00,37,63,33,48.0,99,99,93,87,850,850,0.00,0.50,2.5,740,5.40
2026-09-13 18:25,2026-09-15 08:00,38,68,36,52.0,99,99,92,89,850,850,0.00,0.50,5.2,1180,2.70
2026-09-13 18:25,2026-09-15 09:00,39,44,40,42.0,98,98,91,91,850,850,0.00,0.00,6.2,11940,2.10
2026-09-13 18:25,2026-09-15 10:00,40,36,45,40.5,97,95,90,93,850,850,0.00,0.00,6.8,12380,2.70
2026-09-13 18:25,2026-09-15 11:00,41,35,52,43.5,97,90,90,95,850,850,0.00,0.00,6.2,12640,2.80
2026-09-13 18:25,2026-09-15 12:00,42,33,56,44.5,96,88,89,96,850,850,0.50,0.15,6.2,16840,1.80
2026-09-14 06:25,2026-09-14 07:00,1,53,70,61.5,98,98,83,97,850,850,0.50,0.00,4.2,420,0.00
2026-09-14 06:25,2026-09-14 08:00,2,43,79,61.0,97,96,77,98,850,850,0.50,0.00,5.3,640,0.10
2026-09-14 06:25,2026-09-14 09:00,3,30,85,57.5,92,94,73,99,850,850,0.50,0.00,6.0,7260,0.10
2026-09-14 06:25,2026-09-14 10:00,4,25,88,56.5,79,94,74,100,850,850,1.00,0.00,7.2,5100,0.00
2026-09-14 06:25,2026-09-14 11:00,5,15,88,51.5,71,94,77,99,850,850,1.00,0.00,6.9,5160,0.00
2026-09-14 06:25,2026-09-14 12:00,6,21,85,53.0,65,95,80,99,850,850,1.00,0.00,6.8,2380,0.00
2026-09-14 06:25,2026-09-14 13:00,7,31,77,54.0,64,95,80,98,850,850,1.00,0.00,6.5,7460,0.00
2026-09-14 06:25,2026-09-14 14:00,8,30,66,48.0,63,96,80,97,850,850,1.00,0.00,6.6,3020,0.00
2026-09-14 06:25,2026-09-14 15:00,9,40,59,49.5,65,96,81,96,850,850,1.00,0.00,6.3,5420,0.00
2026-09-14 06:25,2026-09-14 16:00,10,56,58,57.0,72,97,87,96,850,850,1.00,0.00,5.7,6700,0.00
2026-09-14 06:25,2026-09-14 17:00,11,61,60,60.5,81,98,94,97,850,850,0.15,0.00,4.1,7220,0.10
2026-09-14 06:25,2026-09-14 18:00,12,60,64,62.0,92,99,98,96,850,850,0.00,0.00,3.3,7040,0.40
2026-09-14 06:25,2026-09-14 19:00,13,77,70,73.5,97,100,94,91,850,850,0.00,0.00,3.0,260,0.50
2026-09-14 06:25,2026-09-15 05:00,23,84,62,73.0,99,99,92,93,850,850,0.00,0.00,3.3,1440,1.60
2026-09-14 06:25,2026-09-15 06:00,24,40,62,51.0,99,99,92,94,850,850,0.00,0.00,3.3,2760,3.30
2026-09-14 06:25,2026-09-15 07:00,25,38,66,52.0,98,99,92,96,850,850,0.00,0.00,4.0,2600,6.80
2026-09-14 06:25,2026-09-15 08:00,26,35,72,53.5,98,99,92,97,850,850,0.00,0.00,6.1,4940,7.60
2026-09-14 06:25,2026-09-15 09:00,27,37,73,55.0,98,98,92,98,850,850,0.00,0.00,5.1,1320,7.10
2026-09-14 06:25,2026-09-15 10:00,28,36,65,50.5,98,95,92,97,850,850,0.00,0.00,5.7,4100,8.00
2026-09-14 06:25,2026-09-15 11:00,29,36,53,44.5,98,90,92,94,850,850,0.00,0.00,5.0,14720,7.00
2026-09-14 06:25,2026-09-15 12:00,30,35,45,40.0,97,87,92,93,850,850,0.00,0.15,5.0,25500,4.00
2026-09-14 06:25,2026-09-15 13:00,31,37,47,42.0,97,85,93,94,850,850,0.00,0.15,4.3,10180,2.10
2026-09-14 06:25,2026-09-15 14:00,32,38,53,45.5,95,83,93,96,850,850,0.00,0.15,4.0,19860,1.40
2026-09-14 06:25,2026-09-15 15:00,33,40,57,48.5,94,84,93,96,850,850,0.00,0.15,3.3,7600,0.30
2026-09-14 06:25,2026-09-15 16:00,34,39,57,48.0,95,88,91,92,850,850,0.00,0.15,3.3,7060,1.90
2026-09-14 06:25,2026-09-15 17:00,35,43,54,48.5,94,94,89,85,850,850,0.50,0.50,3.7,5120,0.20
2026-09-14 06:25,2026-09-15 18:00,36,43,53,48.0,95,99,86,81,850,850,0.50,0.50,4.0,17740,1.20
2026-09-14 06:25,2026-09-15 19:00,37,40,54,47.0,95,100,83,82,850,850,0.50,0.50,4.4,2840,0.30
2026-09-14 18:25,2026-09-14 19:00,1,37,64,50.5,99,99,82,87,850,850,0.50,0.50,6.1,540,3.30,0.10
2026-09-14 18:25,2026-09-15 05:00,11,45,77,61.0,99,100,89,99,850,850,0.50,0.00,3.6,320,0.00,0.00
2026-09-14 18:25,2026-09-15 06:00,12,37,77,57.0,98,100,90,99,850,850,0.00,0.00,3.7,600,0.20,0.00
2026-09-14 18:25,2026-09-15 07:00,13,50,69,59.5,99,98,91,98,850,850,0.00,0.00,2.9,820,1.30,0.00
2026-09-14 18:25,2026-09-15 08:00,14,74,56,65.0,99,96,91,95,850,850,0.00,0.00,3.3,2740,1.50,0.00
2026-09-14 18:25,2026-09-15 09:00,15,74,48,61.0,99,92,92,94,850,850,0.00,0.00,4.5,14260,2.50,0.00
2026-09-14 18:25,2026-09-15 10:00,16,54,50,52.0,98,85,93,94,850,850,0.00,0.15,5.9,11080,1.50,0.10
2026-09-14 18:25,2026-09-15 11:00,17,41,56,48.5,97,78,94,95,850,850,0.00,0.15,4.6,41400,0.80,0.10
2026-09-14 18:25,2026-09-15 12:00,18,40,60,50.0,96,74,94,96,850,850,0.00,0.15,3.7,6060,0.70,0.10
2026-09-14 18:25,2026-09-15 13:00,19,41,58,49.5,96,78,93,96,850,850,0.00,0.15,3.6,2780,1.50,1.30
2026-09-14 18:25,2026-09-15 14:00,20,38,54,46.0,94,85,91,96,850,850,0.00,0.15,3.3,8480,1.30,1.30
2026-09-14 18:25,2026-09-15 15:00,21,41,53,47.0,93,92,89,95,850,850,0.50,0.00,3.0,3980,0.10,1.30
2026-09-14 18:25,2026-09-15 16:00,22,44,56,50.0,93,96,87,92,850,850,0.50,0.00,1.6,9400,0.30,1.10
2026-09-14 18:25,2026-09-15 17:00,23,44,61,52.5,95,98,85,87,850,850,0.50,0.50,1.8,7060,0.40,1.10
2026-09-14 18:25,2026-09-15 18:00,24,46,67,56.5,97,100,83,84,850,850,0.50,0.50,2.2,8800,0.20,1.10
2026-09-14 18:25,2026-09-15 19:00,25,46,73,59.5,96,100,82,82,850,850,0.50,0.50,4.0,440,0.10,0.00
2026-09-14 18:25,2026-09-16 05:00,35,45,53,49.0,98,100,89,85,850,850,0.50,0.50,4.0,320,0.00,0.50
2026-09-14 18:25,2026-09-16 06:00,36,44,52,48.0,98,100,89,85,850,850,0.50,0.50,4.0,400,0.00,0.50
2026-09-14 18:25,2026-09-16 07:00,37,50,50,50.0,96,99,90,87,850,850,0.00,0.50,4.4,580,0.00,0.10
2026-09-14 18:25,2026-09-16 08:00,38,47,48,47.5,95,98,92,91,850,850,0.00,0.00,3.4,2200,0.00,0.10
2026-09-14 18:25,2026-09-16 09:00,39,47,45,46.0,93,95,93,93,850,850,0.00,0.00,2.6,4080,0.30,0.10
2026-09-14 18:25,2026-09-16 10:00,40,38,42,40.0,92,89,94,93,850,850,0.00,0.15,2.8,6880,0.40,0.30
2026-09-14 18:25,2026-09-16 11:00,41,40,38,39.0,92,83,94,92,850,850,0.00,0.15,2.7,11480,1.30,0.30
2026-09-14 18:25,2026-09-16 12:00,42,50,36,43.0,94,79,94,91,850,850,0.00,0.15,4.0,5920,2.40,0.30
2026-09-15 06:25,2026-09-15 07:00,1,17,66,41.5,96,99,87,96,850,850,0.50,0.00,1.5,280,0.00,0.10
2026-09-15 06:25,2026-09-15 08:00,2,34,60,47.0,92,96,91,96,850,850,0.00,0.00,2.3,720,0.00,0.10
2026-09-15 06:25,2026-09-15 09:00,3,39,54,46.5,88,93,93,95,850,850,0.15,0.00,3.4,6680,0.00,0.10
2026-09-15 06:25,2026-09-15 10:00,4,39,49,44.0,86,88,92,94,850,850,0.15,0.15,4.4,6820,0.00,0.30
2026-09-15 06:25,2026-09-15 11:00,5,29,45,37.0,89,82,89,93,850,850,1.00,0.15,4.7,6300,0.30,0.30
2026-09-15 06:25,2026-09-15 12:00,6,28,43,35.5,82,77,87,93,850,850,1.00,0.15,3.9,5960,0.10,0.30
2026-09-15 06:25,2026-09-15 13:00,7,36,43,39.5,76,75,89,94,850,850,1.00,0.15,4.7,12160,0.00,0.20
2026-09-15 06:25,2026-09-15 14:00,8,24,45,34.5,75,74,92,94,850,850,0.15,0.15,4.3,8100,0.00,0.20
2026-09-15 06:25,2026-09-15 15:00,9,32,48,40.0,74,76,94,94,850,850,0.15,0.15,2.9,5940,0.00,0.20
2026-09-15 06:25,2026-09-15 16:00,10,35,52,43.5,79,83,95,91,850,850,0.15,0.15,1.1,3140,0.00,1.60
2026-09-15 06:25,2026-09-15 17:00,11,45,57,51.0,92,93,95,87,850,850,0.00,0.50,1.8,7440,0.90,1.60
2026-09-15 06:25,2026-09-15 18:00,12,40,61,50.5,97,100,95,84,850,850,0.00,0.50,1.8,520,2.50,1.60
2026-09-15 06:25,2026-09-15 19:00,13,40,63,51.5,98,100,95,82,850,850,0.00,0.50,1.8,580,1.60,0.00
2026-09-15 06:25,2026-09-16 05:00,23,58,48,53.0,97,100,91,86,850,850,0.00,0.50,1.1,860,8.20,1.70
2026-09-15 06:25,2026-09-16 06:00,24,61,45,53.0,96,99,90,84,850,850,0.00,0.50,4.4,6620,11.80,1.70
2026-09-15 06:25,2026-09-16 07:00,25,43,41,42.0,96,98,90,85,850,850,0.00,0.50,5.8,640,6.50,1.20
2026-09-15 06:25,2026-09-16 08:00,26,50,37,43.5,95,97,91,88,850,850,0.00,0.50,4.3,4160,2.10,1.20
2026-09-15 06:25,2026-09-16 09:00,27,51,35,43.0,96,96,92,90,850,850,0.00,0.00,3.9,6900,5.10,1.20
2026-09-15 06:25,2026-09-16 10:00,28,41,36,38.5,94,95,91,91,850,850,0.00,0.00,5.9,6680,3.50,3.40
2026-09-15 06:25,2026-09-16 11:00,29,40,38,39.0,94,95,90,91,850,850,0.00,0.00,5.6,2640,1.00,3.40
2026-09-15 06:25,2026-09-16 12:00,30,33,41,37.0,93,95,89,92,850,850,0.50,0.00,4.8,2760,0.40,3.40
2026-09-15 06:25,2026-09-16 13:00,31,26,45,35.5,92,96,91,93,850,850,0.00,0.00,4.3,2740,0.00,3.70
2026-09-15 06:25,2026-09-16 14:00,32,32,49,40.5,92,97,93,94,850,850,0.00,0.00,3.4,2860,0.10,3.70
2026-09-15 06:25,2026-09-16 15:00,33,39,53,46.0,94,98,95,95,850,850,0.00,0.00,4.2,2220,0.50,3.70
2026-09-15 06:25,2026-09-16 16:00,34,46,56,51.0,83,99,95,95,850,850,0.15,0.00,4.0,3640,0.00,1.50
2026-09-15 06:25,2026-09-16 17:00,35,50,57,53.5,88,100,95,94,850,850,0.15,0.00,3.4,8100,0.10,1.50
2026-09-15 06:25,2026-09-16 18:00,36,44,58,51.0,91,100,94,93,850,850,0.00,0.00,3.3,700,0.10,1.50
2026-09-15 06:25,2026-09-16 19:00,37,46,57,51.5,93,100,93,93,850,850,0.00,0.00,3.5,360,0.00,0.10
2026-09-15 18:25,2026-09-15 19:00,1,38,71,54.5,98,100,93,80,850,850,0.00,0.50,2.7,1480,4.80,0.00
2026-09-15 18:25,2026-09-16 05:00,11,40,27,33.5,98,96,95,87,850,850,0.00,0.50,3.6,13120,1.60,0.00
2026-09-15 18:25,2026-09-16 06:00,12,42,27,34.5,97,96,96,88,850,850,0.00,0.50,4.0,18400,2.90,0.00
2026-09-15 18:25,2026-09-16 07:00,13,41,36,38.5,96,97,97,91,850,850,0.00,0.00,5.2,2280,6.30,4.30
2026-09-15 18:25,2026-09-16 08:00,14,40,49,44.5,96,98,97,94,850,850,0.00,0.00,5.3,880,4.30,4.30
2026-09-15 18:25,2026-09-16 09:00,15,44,58,51.0,95,99,97,96,850,850,0.00,0.00,6.1,1800,1.40,4.30
2026-09-15 18:25,2026-09-16 10:00,16,49,58,53.5,95,98,97,96,850,850,0.00,0.00,5.6,3560,3.80,2.60
2026-09-15 18:25,2026-09-16 11:00,17,50,54,52.0,94,95,97,95,850,850,0.00,0.00,4.3,4900,4.30,2.60
2026-09-15 18:25,2026-09-16 12:00,18,53,51,52.0,94,94,97,94,850,850,0.00,0.00,3.1,4520,2.70,2.60
2026-09-15 18:25,2026-09-16 13:00,19,43,53,48.0,95,95,95,94,850,850,0.00,0.00,3.4,2780,2.10,3.20
2026-09-15 18:25,2026-09-16 14:00,20,44,57,50.5,94,98,93,93,850,850,0.00,0.00,3.7,1620,0.80,3.20
2026-09-15 18:25,2026-09-16 15:00,21,39,60,49.5,94,100,91,93,850,850,0.00,0.00,5.0,1320,0.50,3.20
2026-09-15 18:25,2026-09-16 16:00,22,25,59,42.0,94,100,91,92,850,850,0.00,0.00,4.8,1380,0.20,0.70
2026-09-15 18:25,2026-09-16 17:00,23,20,57,38.5,94,100,92,91,850,850,0.00,0.00,4.8,4560,0.20,0.70
2026-09-15 18:25,2026-09-16 18:00,24,22,56,39.0,94,100,93,90,850,850,0.00,0.00,4.7,500,0.00,0.70
2026-09-15 18:25,2026-09-16 19:00,25,31,57,44.0,94,100,92,90,850,850,0.00,0.00,4.3,340,0.00,0.00
2026-09-15 18:25,2026-09-17 05:00,35,39,35,37.0,93,98,93,85,850,850,0.00,0.50,4.9,320,0.00,0.00
2026-09-15 18:25,2026-09-17 06:00,36,40,27,33.5,93,96,93,83,850,850,0.00,0.50,4.7,360,0.00,0.00
2026-09-15 18:25,2026-09-17 07:00,37,36,17,26.5,92,93,91,80,850,850,0.00,0.50,4.2,440,0.00,0.00
2026-09-15 18:25,2026-09-17 08:00,38,29,7,18.0,90,89,87,77,850,850,0.50,1.00,3.9,2080,0.00,0.00
2026-09-15 18:25,2026-09-17 09:00,39,29,0,14.5,84,83,85,75,850,850,1.00,1.00,3.6,14540,0.00,0.00
2026-09-15 18:25,2026-09-17 10:00,40,30,0,15.0,72,74,85,76,850,850,1.00,1.00,4.0,45240,0.00,0.00
2026-09-15 18:25,2026-09-17 11:00,41,32,4,18.0,68,64,86,78,850,850,1.00,1.00,4.0,45260,0.00,0.00
2026-09-15 18:25,2026-09-17 12:00,42,33,6,19.5,66,58,86,80,850,850,1.00,1.00,5.4,48660,0.00,0.00
2026-09-16 06:25,2026-09-16 07:00,1,51,41,46.0,96,99,99,88,850,850,0.00,0.50,4.9,2360,4.50,3.70
2026-09-16 06:25,2026-09-16 08:00,2,54,45,49.5,95,98,98,88,850,850,0.00,0.50,4.6,2180,3.00,3.70
2026-09-16 06:25,2026-09-16 09:00,3,54,46,50.0,94,98,96,88,850,850,0.00,0.50,3.8,2440,2.30,3.70
2026-09-16 06:25,2026-09-16 10:00,4,53,41,47.0,93,98,94,88,850,850,0.00,0.50,3.9,2580,1.60,4.60
2026-09-16 06:25,2026-09-16 11:00,5,48,34,41.0,92,99,93,89,850,850,0.00,0.50,4.1,3760,1.10,4.60
2026-09-16 06:25,2026-09-16 12:00,6,44,30,37.0,92,99,91,89,850,850,0.00,0.50,3.9,3080,0.80,4.60
2026-09-16 06:25,2026-09-16 13:00,7,51,29,40.0,93,97,90,90,850,850,0.00,0.00,4.0,1040,2.90,3.20
2026-09-16 06:25,2026-09-16 14:00,8,52,31,41.5,94,94,90,91,850,850,0.00,0.00,3.3,2880,4.60,3.20
2026-09-16 06:25,2026-09-16 15:00,9,45,38,41.5,94,93,89,91,850,850,0.50,0.00,4.1,3000,4.00,3.20
2026-09-16 06:25,2026-09-16 16:00,10,43,54,48.5,94,94,86,90,850,850,0.50,0.00,3.8,4780,1.10,1.40
2026-09-16 06:25,2026-09-16 17:00,11,48,75,61.5,94,97,82,88,850,850,0.50,0.50,3.1,3640,0.10,1.40
2026-09-16 06:25,2026-09-16 18:00,12,53,89,71.0,94,99,79,87,850,850,0.50,0.50,3.7,560,0.00,1.40
2026-09-16 06:25,2026-09-16 19:00,13,45,90,67.5,94,100,77,87,850,850,0.50,0.50,3.7,240,0.00,0.10
2026-09-16 06:25,2026-09-17 05:00,23,8,15,11.5,90,93,72,80,850,850,0.50,0.50,5.4,720,0.00,0.00
2026-09-16 06:25,2026-09-17 06:00,24,5,2,3.5,89,90,70,78,850,850,1.00,0.50,5.4,1060,0.00,0.00
2026-09-16 06:25,2026-09-17 07:00,25,5,0,2.5,85,89,68,76,850,850,1.00,1.00,4.4,1620,0.00,0.00
2026-09-16 06:25,2026-09-17 08:00,26,5,0,2.5,74,88,67,75,850,850,1.00,1.00,3.4,16920,0.00,0.00
2026-09-16 06:25,2026-09-17 09:00,27,4,0,2.0,66,85,67,75,850,850,1.00,1.00,3.7,36580,0.00,0.00
2026-09-16 06:25,2026-09-17 10:00,28,10,2,6.0,62,77,69,76,850,850,1.00,1.00,2.9,45240,0.00,0.00
2026-09-16 06:25,2026-09-17 11:00,29,14,6,10.0,59,66,73,79,850,850,1.00,1.00,2.9,45240,0.00,0.00
2026-09-16 06:25,2026-09-17 12:00,30,25,9,17.0,57,60,76,81,850,850,1.00,1.00,3.9,48620,0.00,0.00
2026-09-16 06:25,2026-09-17 13:00,31,34,10,22.0,58,61,79,82,850,850,1.00,1.00,4.8,17080,0.00,0.30
2026-09-16 06:25,2026-09-17 14:00,32,49,11,30.0,61,65,83,82,850,850,1.00,1.00,4.7,4720,0.00,0.30
2026-09-16 06:25,2026-09-17 15:00,33,55,14,34.5,65,71,84,83,850,850,1.00,1.00,4.9,6680,0.00,0.30
2026-09-16 06:25,2026-09-17 16:00,34,29,21,25.0,59,77,81,85,850,850,1.00,1.00,6.3,12540,0.00,0.10
2026-09-16 06:25,2026-09-17 17:00,35,41,29,35.0,65,84,76,88,850,850,1.00,1.00,3.7,27140,0.00,0.10
2026-09-16 06:25,2026-09-17 18:00,36,37,35,36.0,74,90,74,90,850,850,1.00,0.00,1.9,28780,0.00,0.10
2026-09-16 06:25,2026-09-17 19:00,37,28,34,31.0,85,93,77,90,850,850,1.00,0.00,2.9,28740,0.00,0.00
2026-09-16 18:25,2026-09-16 19:00,1,37,60,48.5,96,100,92,89,850,850,0.00,0.50,3.9,280,0.50,0.10
2026-09-16 18:25,2026-09-17 05:00,11,41,26,33.5,93,94,94,88,850,850,0.00,0.50,5.0,7320,0.00,0.00
2026-09-16 18:25,2026-09-17 06:00,12,35,24,29.5,93,92,93,87,850,850,0.00,0.50,4.9,31180,0.00,0.00
2026-09-16 18:25,2026-09-17 07:00,13,33,22,27.5,91,91,93,86,850,850,0.00,0.50,4.7,20740,0.00,0.00
2026-09-16 18:25,2026-09-17 08:00,14,32,20,26.0,85,89,93,86,850,850,0.15,1.00,4.3,28720,0.00,0.00
2026-09-16 18:25,2026-09-17 09:00,15,34,21,27.5,79,87,93,86,850,850,0.15,1.00,4.3,26780,0.00,0.00
2026-09-16 18:25,2026-09-17 10:00,16,36,25,30.5,75,82,94,87,850,850,0.15,1.00,4.7,18120,0.00,0.10
2026-09-16 18:25,2026-09-17 11:00,17,42,32,37.0,73,75,94,89,850,850,0.15,1.00,5.2,10400,0.00,0.10
2026-09-16 18:25,2026-09-17 12:00,18,42,37,39.5,72,72,94,91,850,850,0.15,0.15,5.6,6080,0.00,0.10
2026-09-16 18:25,2026-09-17 13:00,19,40,40,40.0,71,74,92,92,850,850,0.15,0.15,6.0,15680,0.10,0.40
2026-09-16 18:25,2026-09-17 14:00,20,45,42,43.5,76,78,90,93,850,850,0.15,0.15,4.9,5720,0.30,0.40
2026-09-16 18:25,2026-09-17 15:00,21,39,44,41.5,73,83,88,93,850,850,1.00,0.15,5.4,6560,0.20,0.40
2026-09-16 18:25,2026-09-17 16:00,22,31,47,39.0,73,87,88,93,850,850,1.00,0.15,5.4,6800,0.00,0.20
2026-09-16 18:25,2026-09-17 17:00,23,36,49,42.5,80,91,89,94,850,850,1.00,0.00,4.9,15480,0.00,0.20
2026-09-16 18:25,2026-09-17 18:00,24,31,51,41.0,88,94,90,94,850,850,0.15,0.00,3.3,21440,0.00,0.20
2026-09-16 18:25,2026-09-17 19:00,25,26,52,39.0,95,97,91,94,850,850,0.00,0.00,2.7,20980,0.00,0.00
2026-09-16 18:25,2026-09-18 05:00,35,36,22,29.0,96,99,95,83,850,850,0.00,0.50,7.4,760,0.00,0.00
2026-09-16 18:25,2026-09-18 06:00,36,36,13,24.5,96,97,96,78,850,850,0.00,0.50,7.3,1320,0.00,0.00
2026-09-16 18:25,2026-09-18 07:00,37,44,7,25.5,95,93,96,74,850,850,0.00,0.50,8.1,2160,0.00,0.00
2026-09-16 18:25,2026-09-18 08:00,38,51,3,27.0,96,88,96,69,850,850,0.00,1.00,7.6,5800,0.00,0.00
2026-09-16 18:25,2026-09-18 09:00,39,45,0,22.5,94,84,95,67,850,850,0.00,1.00,8.4,14660,0.00,0.00
2026-09-16 18:25,2026-09-18 10:00,40,52,0,26.0,90,82,94,68,850,850,0.00,1.00,7.9,19480,0.00,0.30
2026-09-16 18:25,2026-09-18 11:00,41,52,0,26.0,89,80,93,70,850,850,0.15,1.00,7.6,4540,0.00,0.30
2026-09-16 18:25,2026-09-18 12:00,42,52,0,26.0,92,80,93,71,850,850,0.00,1.00,6.1,8600,0.10,0.30
2026-09-17 06:25,2026-09-17 07:00,1,16,16,16.0,80,93,82,84,850,850,1.00,0.50,4.2,21020,0.00,0.00
2026-09-17 06:25,2026-09-17 08:00,2,16,11,13.5,74,89,84,82,850,850,1.00,1.00,3.8,22860,0.00,0.00
2026-09-17 06:25,2026-09-17 09:00,3,24,9,16.5,70,85,86,81,850,850,1.00,1.00,3.0,27860,0.00,0.00
2026-09-17 06:25,2026-09-17 10:00,4,30,12,21.0,69,78,87,82,850,850,1.00,1.00,3.4,21240,0.00,0.10
2026-09-17 06:25,2026-09-17 11:00,5,41,17,29.0,68,71,88,84,850,850,1.00,1.00,4.1,9540,0.00,0.10
2026-09-17 06:25,2026-09-17 12:00,6,39,22,30.5,67,67,89,86,850,850,1.00,1.00,5.6,5900,0.00,0.10
2026-09-17 06:25,2026-09-17 13:00,7,60,26,43.0,68,69,90,87,850,850,0.15,1.00,5.1,3820,0.00,0.70
2026-09-17 06:25,2026-09-17 14:00,8,68,30,49.0,72,75,92,89,850,850,0.15,1.00,3.1,5380,0.10,0.70
2026-09-17 06:25,2026-09-17 15:00,9,44,33,38.5,83,81,93,90,850,850,0.15,0.15,2.5,7180,0.60,0.70
2026-09-17 06:25,2026-09-17 16:00,10,39,36,37.5,83,85,94,91,850,850,0.15,0.15,2.4,14980,0.00,0.10
2026-09-17 06:25,2026-09-17 17:00,11,30,38,34.0,85,88,95,91,850,850,0.15,0.15,3.1,25980,0.00,0.10
2026-09-17 06:25,2026-09-17 18:00,12,37,41,39.0,89,91,95,92,850,850,0.15,0.00,3.1,28680,0.00,0.10
2026-09-17 06:25,2026-09-17 19:00,13,40,47,43.5,91,93,95,94,850,850,0.00,0.00,2.9,28680,0.00,0.00
2026-09-17 06:25,2026-09-18 05:00,23,19,13,16.0,92,97,84,81,850,850,0.50,0.50,6.5,6200,0.00,0.00
2026-09-17 06:25,2026-09-18 06:00,24,19,4,11.5,91,96,82,77,850,850,0.50,0.50,6.8,5300,0.00,0.00
2026-09-17 06:25,2026-09-18 07:00,25,15,0,7.5,89,90,81,75,850,850,1.00,0.50,7.2,33100,0.00,0.00
2026-09-17 06:25,2026-09-18 08:00,26,15,0,7.5,85,82,81,75,850,850,1.00,1.00,7.2,21660,0.00,0.00
2026-09-17 06:25,2026-09-18 09:00,27,19,0,9.5,82,76,82,77,850,850,1.00,1.00,7.9,26020,0.00,0.00
2026-09-17 06:25,2026-09-18 10:00,28,22,11,16.5,80,72,85,81,850,850,1.00,1.00,8.0,41280,0.00,0.00
2026-09-17 06:25,2026-09-18 11:00,29,31,28,29.5,81,69,90,87,850,850,0.15,1.00,8.1,45160,0.00,0.00
2026-09-17 06:25,2026-09-18 12:00,30,41,41,41.0,82,70,93,92,850,850,0.15,0.15,7.8,19240,0.00,0.00
2026-09-17 06:25,2026-09-18 13:00,31,39,47,43.0,85,78,92,94,850,850,0.15,0.15,7.6,3960,0.00,2.40
2026-09-17 06:25,2026-09-18 14:00,32,42,49,45.5,87,91,89,94,850,850,1.00,0.00,7.3,3040,0.00,2.40
2026-09-17 06:25,2026-09-18 15:00,33,42,51,46.5,87,100,88,94,850,850,1.00,0.00,7.4,960,0.00,2.40
2026-09-17 06:25,2026-09-18 16:00,34,61,53,57.0,98,100,91,95,850,850,0.00,0.00,8.2,480,1.90,0.80
2026-09-17 06:25,2026-09-18 17:00,35,58,55,56.5,97,100,95,95,850,850,0.00,0.00,7.1,440,1.00,0.80
2026-09-17 06:25,2026-09-18 18:00,36,46,57,51.5,97,100,98,96,850,850,0.00,0.00,8.0,400,0.70,0.80
2026-09-17 06:25,2026-09-18 19:00,37,48,59,53.5,97,100,99,96,850,850,0.00,0.00,8.0,280,0.50,1.50
2026-09-17 18:25,2026-09-17 19:00,1,35,45,40.0,91,95,93,94,850,850,0.00,0.00,1.9,25800,0.00,0.00
2026-09-17 18:25,2026-09-18 05:00,11,34,41,37.5,89,97,96,92,850,850,0.15,0.00,6.5,3800,0.00,0.10
2026-09-17 18:25,2026-09-18 06:00,12,41,37,39.0,90,95,97,91,850,850,0.00,0.00,6.7,5220,0.00,0.10
2026-09-17 18:25,2026-09-18 07:00,13,52,33,42.5,91,94,98,90,850,850,0.00,0.00,7.1,15560,0.00,0.20
2026-09-17 18:25,2026-09-18 08:00,14,58,29,43.5,92,93,99,88,850,850,0.00,0.50,7.7,14920,0.00,0.20
2026-09-17 18:25,2026-09-18 09:00,15,59,28,43.5,92,93,99,88,850,850,0.00,0.50,7.6,3660,0.00,0.20
2026-09-17 18:25,2026-09-18 10:00,16,59,33,46.0,91,95,99,90,850,850,0.00,0.00,7.9,2400,0.00,2.70
2026-09-17 18:25,2026-09-18 11:00,17,54,42,48.0,96,98,99,93,850,850,0.00,0.00,7.6,1040,0.50,2.70
2026-09-17 18:25,2026-09-18 12:00,18,56,51,53.5,97,100,99,95,850,850,0.00,0.00,7.6,520,1.20,2.70
2026-09-17 18:25,2026-09-18 13:00,19,81,59,70.0,99,100,99,96,850,850,0.00,0.00,7.6,540,0.40,1.90
2026-09-17 18:25,2026-09-18 14:00,20,97,67,82.0,99,100,99,98,850,850,0.00,0.00,7.3,400,0.30,1.90
2026-09-17 18:25,2026-09-18 15:00,21,97,71,84.0,99,100,99,98,850,850,0.00,0.00,7.9,460,0.10,1.90
2026-09-17 18:25,2026-09-18 16:00,22,97,69,83.0,99,100,99,98,850,850,0.00,0.00,8.3,500,0.00,4.00
2026-09-17 18:25,2026-09-18 17:00,23,99,64,81.5,99,100,99,97,850,850,0.00,0.00,8.3,480,0.00,4.00
2026-09-17 18:25,2026-09-18 18:00,24,99,61,80.0,99,100,99,96,850,850,0.00,0.00,8.3,480,0.00,4.00
2026-09-17 18:25,2026-09-18 19:00,25,100,63,81.5,99,100,99,97,850,850,0.00,0.00,8.4,460,0.00,6.00
2026-09-17 18:25,2026-09-19 05:00,35,100,58,79.0,99,100,99,91,850,850,0.00,0.00,7.8,320,0.40,0.30
2026-09-17 18:25,2026-09-19 06:00,36,100,55,77.5,99,100,99,95,850,850,0.00,0.00,7.7,200,0.30,0.30
2026-09-17 18:25,2026-09-19 07:00,37,86,54,70.0,99,100,99,96,850,850,0.00,0.00,7.9,400,0.00,0.10
2026-09-17 18:25,2026-09-19 08:00,38,79,53,66.0,99,100,99,95,850,850,0.00,0.00,7.6,720,0.00,0.10
2026-09-17 18:25,2026-09-19 09:00,39,90,50,70.0,99,100,99,94,850,850,0.00,0.00,7.2,320,0.00,0.10
2026-09-17 18:25,2026-09-19 10:00,40,72,44,58.0,98,94,98,93,850,850,0.00,0.00,7.2,940,0.00,0.20
2026-09-17 18:25,2026-09-19 11:00,41,50,37,43.5,95,87,98,91,850,850,0.00,0.15,7.3,2620,0.00,0.20
2026-09-17 18:25,2026-09-19 12:00,42,60,31,45.5,93,81,96,89,850,850,0.00,1.00,6.9,10520,0.00,0.20
2026-09-18 06:25,2026-09-18 07:00,1,26,31,28.5,91,97,96,89,850,850,0.00,0.50,8.1,1960,0.00,4.40
2026-09-18 06:25,2026-09-18 08:00,2,28,34,31.0,96,98,98,90,850,850,0.00,0.00,9.0,900,0.80,4.40
2026-09-18 06:25,2026-09-18 09:00,3,43,38,40.5,97,99,99,91,850,850,0.00,0.00,7.3,1680,2.70,4.40
2026-09-18 06:25,2026-09-18 10:00,4,62,45,53.5,98,99,99,93,850,850,0.00,0.00,6.5,3100,0.30,1.80
2026-09-18 06:25,2026-09-18 11:00,5,65,53,59.0,98,99,99,95,850,850,0.00,0.00,6.9,2820,1.60,1.80
2026-09-18 06:25,2026-09-18 12:00,6,41,58,49.5,96,99,99,96,850,850,0.00,0.00,7.6,3200,0.90,1.80
2026-09-18 06:25,2026-09-18 13:00,7,35,58,46.5,96,99,99,96,850,850,0.00,0.00,7.3,3520,1.40,1.30
2026-09-18 06:25,2026-09-18 14:00,8,50,55,52.5,96,99,99,96,850,850,0.00,0.00,7.4,1000,0.50,1.30
2026-09-18 06:25,2026-09-18 15:00,9,52,53,52.5,96,99,99,95,850,850,0.00,0.00,7.0,3080,0.00,1.30
2026-09-18 06:25,2026-09-18 16:00,10,50,54,52.0,95,99,99,94,850,850,0.00,0.00,7.3,580,0.00,4.70
2026-09-18 06:25,2026-09-18 17:00,11,50,55,52.5,94,100,99,92,850,850,0.00,0.00,7.8,580,0.00,4.70
2026-09-18 06:25,2026-09-18 18:00,12,50,57,53.5,94,100,99,91,850,850,0.00,0.00,7.6,680,0.00,4.70
2026-09-18 06:25,2026-09-18 19:00,13,53,60,56.5,93,100,99,93,850,850,0.00,0.00,7.4,580,0.00,1.40
2026-09-18 06:25,2026-09-19 05:00,23,38,44,41.0,92,100,96,74,850,850,0.00,0.50,6.6,340,0.00,0.00
2026-09-18 06:25,2026-09-19 06:00,24,29,37,33.0,91,99,94,68,850,850,0.00,0.50,6.3,520,0.00,0.00
2026-09-18 06:25,2026-09-19 07:00,25,23,28,25.5,88,97,91,69,850,850,0.15,0.50,5.8,800,0.00,0.00
2026-09-18 06:25,2026-09-19 08:00,26,24,17,20.5,85,94,88,75,850,850,1.00,0.50,6.0,1280,0.00,0.00
2026-09-18 06:25,2026-09-19 09:00,27,26,12,19.0,81,90,86,80,850,850,1.00,0.50,6.2,10700,0.00,0.00
2026-09-18 06:25,2026-09-19 10:00,28,27,17,22.0,78,84,86,84,850,850,1.00,1.00,6.1,12920,0.00,0.00
2026-09-18 06:25,2026-09-19 11:00,29,26,28,27.0,76,77,88,88,850,850,1.00,1.00,5.4,18220,0.00,0.00
2026-09-18 06:25,2026-09-19 12:00,30,28,34,31.0,72,72,89,90,850,850,1.00,0.15,5.0,33760,0.00,0.00
2026-09-18 06:25,2026-09-19 13:00,31,31,31,31.0,71,69,89,89,850,850,1.00,1.00,4.1,45520,0.00,0.00
2026-09-18 06:25,2026-09-19 14:00,32,35,23,29.0,70,68,89,87,850,850,1.00,1.00,3.4,30660,0.00,0.00
2026-09-18 06:25,2026-09-19 15:00,33,32,19,25.5,70,70,88,85,850,850,1.00,1.00,3.8,25740,0.00,0.00
2026-09-18 06:25,2026-09-19 16:00,34,35,21,28.0,78,78,87,86,850,850,1.00,1.00,4.5,15940,0.00,0.00
2026-09-18 06:25,2026-09-19 17:00,35,29,26,27.5,81,88,86,88,850,850,1.00,1.00,2.5,23780,0.00,0.00
2026-09-18 06:25,2026-09-19 18:00,36,31,31,31.0,89,96,86,89,850,850,1.00,0.50,1.8,25660,0.00,0.00
2026-09-18 06:25,2026-09-19 19:00,37,23,36,29.5,90,98,86,88,850,850,0.50,0.50,3.2,20640,0.00,0.00
2026-09-18 18:25,2026-09-18 19:00,1,42,62,52.0,97,100,99,97,850,850,0.00,0.00,7.2,600,0.20,1.60
2026-09-18 18:25,2026-09-19 05:00,11,17,46,31.5,96,100,83,93,850,850,0.50,0.00,7.0,3160,0.00,0.10
2026-09-18 18:25,2026-09-19 06:00,12,15,39,27.0,95,100,78,90,850,850,0.50,0.00,6.3,620,0.00,0.10
2026-09-18 18:25,2026-09-19 07:00,13,18,28,23.0,95,97,77,85,850,850,0.50,0.50,6.2,1060,0.00,0.00
2026-09-18 18:25,2026-09-19 08:00,14,23,17,20.0,93,94,78,79,850,850,0.50,0.50,6.0,2180,0.00,0.00
2026-09-18 18:25,2026-09-19 09:00,15,19,11,15.0,90,89,81,76,850,850,0.50,1.00,7.2,5480,0.00,0.00
2026-09-18 18:25,2026-09-19 10:00,16,17,18,17.5,83,83,86,80,850,850,1.00,1.00,6.5,28020,0.00,0.10
2026-09-18 18:25,2026-09-19 11:00,17,30,31,30.5,78,77,93,87,850,850,0.15,1.00,6.2,22120,0.00,0.10
2026-09-18 18:25,2026-09-19 12:00,18,41,40,40.5,78,72,97,92,850,850,0.15,0.15,5.7,12760,0.00,0.10
2026-09-18 18:25,2026-09-19 13:00,19,44,37,40.5,77,70,96,92,850,850,0.15,0.15,5.4,10100,0.00,0.20
2026-09-18 18:25,2026-09-19 14:00,20,41,30,35.5,76,71,93,89,850,850,0.15,1.00,4.6,10400,0.00,0.20
2026-09-18 18:25,2026-09-19 15:00,21,33,26,29.5,74,73,91,88,850,850,0.15,1.00,3.8,13960,0.00,0.20
2026-09-18 18:25,2026-09-19 16:00,22,34,30,32.0,74,79,92,89,850,850,0.15,1.00,3.0,19360,0.00,0.10
2026-09-18 18:25,2026-09-19 17:00,23,35,37,36.0,78,87,94,91,850,850,0.15,0.15,1.1,32460,0.00,0.10
2026-09-18 18:25,2026-09-19 18:00,24,40,42,41.0,89,93,95,92,850,850,0.15,0.00,1.4,16960,0.00,0.10
2026-09-18 18:25,2026-09-19 19:00,25,35,44,39.5,88,96,95,92,850,850,0.15,0.00,3.7,4980,0.00,0.00
2026-09-18 18:25,2026-09-20 05:00,35,2,17,9.5,84,96,71,78,850,850,1.00,0.50,7.1,2040,0.00,0.00
2026-09-18 18:25,2026-09-20 06:00,36,3,13,8.0,80,94,73,77,850,850,1.00,0.50,7.1,2920,0.00,0.00
2026-09-18 18:25,2026-09-20 07:00,37,9,8,8.5,79,88,73,77,850,850,1.00,1.00,8.3,9360,0.00,0.00
2026-09-18 18:25,2026-09-20 08:00,38,14,3,8.5,75,79,72,77,850,850,1.00,1.00,9.2,37440,0.00,0.00
2026-09-18 18:25,2026-09-20 09:00,39,7,0,3.5,70,72,72,77,850,850,1.00,1.00,9.4,42320,0.00,0.00
2026-09-18 18:25,2026-09-20 10:00,40,3,0,1.5,68,67,72,75,850,850,1.00,1.00,9.6,46220,0.00,0.00
2026-09-18 18:25,2026-09-20 11:00,41,1,0,0.5,70,63,73,72,850,850,1.00,1.00,11.3,27480,0.00,0.00
2026-09-18 18:25,2026-09-20 12:00,42,4,0,2.0,72,61,75,70,850,850,1.00,1.00,12.6,46380,0.00,0.00
2026-09-19 06:25,2026-09-19 07:00,1,34,12,23.0,94,95,92,82,850,850,0.00,0.50,5.2,5060,0.00,0.00
2026-09-19 06:25,2026-09-19 08:00,2,35,5,20.0,92,92,89,78,850,850,0.50,0.50,6.0,17420,0.00,0.00
2026-09-19 06:25,2026-09-19 09:00,3,18,2,10.0,86,88,87,77,850,850,1.00,1.00,6.3,36680,0.00,0.00
2026-09-19 06:25,2026-09-19 10:00,4,18,6,12.0,78,80,87,79,850,850,1.00,1.00,5.9,41500,0.00,0.00
2026-09-19 06:25,2026-09-19 11:00,5,35,12,23.5,73,71,87,82,850,850,1.00,1.00,5.8,45340,0.00,0.00
2026-09-19 06:25,2026-09-19 12:00,6,29,18,23.5,70,64,87,85,850,850,1.00,1.00,4.7,45420,0.00,0.00
2026-09-19 06:25,2026-09-19 13:00,7,33,20,26.5,68,60,84,86,850,850,1.00,1.00,3.7,37660,0.00,0.00
2026-09-19 06:25,2026-09-19 14:00,8,24,21,22.5,65,59,79,86,850,850,1.00,1.00,1.5,45520,0.00,0.00
2026-09-19 06:25,2026-09-19 15:00,9,23,21,22.0,62,61,78,86,850,850,1.00,1.00,1.5,45540,0.00,0.00
2026-09-19 06:25,2026-09-19 16:00,10,40,19,29.5,66,69,83,85,850,850,1.00,1.00,2.5,45540,0.00,0.00
2026-09-19 06:25,2026-09-19 17:00,11,48,17,32.5,76,81,90,85,850,850,0.15,1.00,2.6,41700,0.00,0.00
2026-09-19 06:25,2026-09-19 18:00,12,38,18,28.0,90,91,95,84,850,850,0.00,0.50,1.6,6820,0.00,0.00
2026-09-19 06:25,2026-09-19 19:00,13,39,29,34.0,89,96,94,84,850,850,0.15,0.50,2.8,600,0.00,0.00
2026-09-19 06:25,2026-09-20 05:00,23,0,13,6.5,79,95,72,76,850,850,1.00,0.50,7.9,7180,0.00,0.00
2026-09-19 06:25,2026-09-20 06:00,24,3,12,7.5,77,93,68,76,850,850,1.00,0.50,8.3,6320,0.00,0.00
2026-09-19 06:25,2026-09-20 07:00,25,3,8,5.5,75,87,65,76,850,850,1.00,1.00,9.5,5560,0.00,0.00
2026-09-19 06:25,2026-09-20 08:00,26,2,4,3.0,74,78,63,75,850,850,1.00,1.00,10.3,19500,0.00,0.00
2026-09-19 06:25,2026-09-20 09:00,27,3,0,1.5,72,71,63,75,850,850,1.00,1.00,10.3,46120,0.00,0.00
2026-09-19 06:25,2026-09-20 10:00,28,3,0,1.5,66,66,67,74,850,850,1.00,1.00,10.0,46120,0.00,0.00
2026-09-19 06:25,2026-09-20 11:00,29,4,0,2.0,64,61,74,73,850,850,1.00,1.00,10.1,34580,0.00,0.00
2026-09-19 06:25,2026-09-20 12:00,30,5,0,2.5,66,59,79,73,850,850,1.00,1.00,10.9,26040,0.00,0.00
2026-09-19 06:25,2026-09-20 13:00,31,9,0,4.5,68,59,80,74,850,850,1.00,1.00,12.1,49680,0.00,0.00
2026-09-19 06:25,2026-09-20 14:00,32,11,0,5.5,71,60,80,75,850,850,1.00,1.00,13.1,46400,0.00,0.00
2026-09-19 06:25,2026-09-20 15:00,33,6,0,3.0,70,63,80,74,850,850,1.00,1.00,14.5,46460,0.00,0.00
2026-09-19 06:25,2026-09-20 16:00,34,7,0,3.5,75,69,80,70,850,850,1.00,1.00,14.7,46500,0.00,0.00
2026-09-19 06:25,2026-09-20 17:00,35,6,0,3.0,77,77,80,64,850,850,1.00,1.00,15.7,41120,0.00,0.00
2026-09-19 06:25,2026-09-20 18:00,36,6,0,3.0,80,84,80,58,850,850,1.00,1.00,17.1,37080,0.00,0.00
2026-09-19 06:25,2026-09-20 19:00,37,5,1,3.0,81,89,78,53,850,850,1.00,1.00,17.6,34420,0.00,0.00
2026-09-19 18:25,2026-09-19 19:00,1,28,43,35.5,94,96,93,90,850,850,0.00,0.00,3.6,460,0.30,0.00
2026-09-19 18:25,2026-09-20 05:00,11,20,22,21.0,84,96,79,73,850,850,1.00,0.50,7.1,1140,0.00,0.00
2026-09-19 18:25,2026-09-20 06:00,12,18,20,19.0,82,94,78,74,850,850,1.00,0.50,7.1,1700,0.00,0.00
2026-09-19 18:25,2026-09-20 07:00,13,9,14,11.5,80,89,75,75,850,850,1.00,1.00,7.8,19900,0.00,0.00
2026-09-19 18:25,2026-09-20 08:00,14,8,7,7.5,78,83,71,77,850,850,1.00,1.00,9.0,10360,0.00,0.00
2026-09-19 18:25,2026-09-20 09:00,15,11,2,6.5,76,77,69,78,850,850,1.00,1.00,8.4,42280,0.00,0.00
2026-09-19 18:25,2026-09-20 10:00,16,11,4,7.5,70,71,71,80,850,850,1.00,1.00,7.4,39040,0.00,0.00
2026-09-19 18:25,2026-09-20 11:00,17,10,8,9.0,64,66,75,81,850,850,1.00,1.00,7.1,46240,0.00,0.00
2026-09-19 18:25,2026-09-20 12:00,18,10,11,10.5,63,63,78,82,850,850,1.00,1.00,7.4,46320,0.00,0.00
2026-09-19 18:25,2026-09-20 13:00,19,8,10,9.0,66,62,80,82,850,850,1.00,1.00,8.5,46380,0.00,0.00
2026-09-19 18:25,2026-09-20 14:00,20,9,7,8.0,70,63,83,81,850,850,1.00,1.00,8.9,46440,0.00,0.00
2026-09-19 18:25,2026-09-20 15:00,21,9,5,7.0,72,66,83,79,850,850,1.00,1.00,10.4,46480,0.00,0.00
2026-09-19 18:25,2026-09-20 16:00,22,8,3,5.5,74,71,81,76,850,850,1.00,1.00,11.4,46500,0.00,0.00
2026-09-19 18:25,2026-09-20 17:00,23,6,0,3.0,77,78,77,71,850,850,1.00,1.00,12.3,39120,0.00,0.00
2026-09-19 18:25,2026-09-20 18:00,24,4,0,2.0,80,84,74,67,850,850,1.00,1.00,13.1,36180,0.00,0.00
2026-09-19 18:25,2026-09-20 19:00,25,3,3,3.0,81,89,73,64,850,850,1.00,1.00,13.5,29640,0.00,0.00
2026-09-19 18:25,2026-09-21 05:00,35,12,2,7.0,88,95,72,56,850,850,1.00,0.50,17.6,10340,0.00,0.00
2026-09-19 18:25,2026-09-21 06:00,36,9,0,4.5,87,92,73,56,850,850,1.00,0.50,17.3,6940,0.00,0.00
2026-09-19 18:25,2026-09-21 07:00,37,12,0,6.0,86,86,77,56,850,850,1.00,1.00,16.6,27260,0.00,0.00
2026-09-19 18:25,2026-09-21 08:00,38,22,0,11.0,86,78,82,55,850,850,1.00,1.00,15.5,25960,0.00,0.00
2026-09-19 18:25,2026-09-21 09:00,39,23,0,11.5,83,72,87,55,850,850,1.00,1.00,14.8,24380,0.00,0.00
2026-09-19 18:25,2026-09-21 10:00,40,18,0,9.0,80,68,90,56,850,850,0.15,1.00,13.0,46980,0.00,0.00
2026-09-19 18:25,2026-09-21 11:00,41,17,0,8.5,76,65,91,59,850,850,0.15,1.00,11.9,47020,0.00,0.00
2026-09-19 18:25,2026-09-21 12:00,42,23,0,11.5,74,64,92,62,850,850,0.15,1.00,11.5,47080,0.00,0.00
2026-09-20 06:25,2026-09-20 07:00,1,14,10,12.0,80,89,77,73,850,850,1.00,1.00,8.4,12780,0.00,0.00
2026-09-20 06:25,2026-09-20 08:00,2,13,4,8.5,76,81,74,70,850,850,1.00,1.00,8.4,14280,0.00,0.00
2026-09-20 06:25,2026-09-20 09:00,3,14,0,7.0,72,74,73,68,850,850,1.00,1.00,8.8,22540,0.00,0.00
2026-09-20 06:25,2026-09-20 10:00,4,12,0,6.0,70,67,75,68,850,850,1.00,1.00,9.1,23120,0.00,0.00
2026-09-20 06:25,2026-09-20 11:00,5,10,0,5.0,70,60,79,68,850,850,1.00,1.00,9.3,49580,0.00,0.00
2026-09-20 06:25,2026-09-20 12:00,6,10,0,5.0,68,56,82,69,850,850,1.00,1.00,9.2,34120,0.00,0.00
2026-09-20 06:25,2026-09-20 13:00,7,12,0,6.0,69,56,84,70,850,850,1.00,1.00,9.9,18960,0.00,0.00
2026-09-20 06:25,2026-09-20 14:00,8,10,0,5.0,70,60,85,71,850,850,1.00,1.00,10.9,46480,0.00,0.00
2026-09-20 06:25,2026-09-20 15:00,9,10,0,5.0,71,64,84,70,850,850,1.00,1.00,10.9,46500,0.00,0.00
2026-09-20 06:25,2026-09-20 16:00,10,7,0,3.5,73,70,80,66,850,850,1.00,1.00,11.3,46520,0.00,0.00
2026-09-20 06:25,2026-09-20 17:00,11,5,0,2.5,76,76,74,61,850,850,1.00,1.00,11.6,41960,0.00,0.00
2026-09-20 06:25,2026-09-20 18:00,12,3,0,1.5,79,82,69,57,850,850,1.00,1.00,11.9,36700,0.00,0.00
2026-09-20 06:25,2026-09-20 19:00,13,1,0,0.5,81,87,64,54,850,850,1.00,1.00,12.6,37880,0.00,0.00
2026-09-20 06:25,2026-09-21 05:00,23,10,9,9.5,88,98,65,49,850,850,1.00,0.50,16.6,3060,0.00,0.00
2026-09-20 06:25,2026-09-21 06:00,24,4,10,7.0,86,97,64,51,850,850,1.00,0.50,15.5,420,0.00,0.00
2026-09-20 06:25,2026-09-21 07:00,25,8,7,7.5,85,92,67,52,850,850,1.00,0.50,15.5,3180,0.00,0.00
2026-09-20 06:25,2026-09-21 08:00,26,6,3,4.5,81,84,73,53,850,850,1.00,1.00,15.2,10140,0.00,0.00
2026-09-20 06:25,2026-09-21 09:00,27,9,0,4.5,77,77,78,56,850,850,1.00,1.00,13.3,19400,0.00,0.00
2026-09-20 06:25,2026-09-21 10:00,28,17,0,8.5,75,72,83,63,850,850,1.00,1.00,11.9,19400,0.00,0.00
2026-09-20 06:25,2026-09-21 11:00,29,19,2,10.5,73,68,89,72,850,850,1.00,1.00,11.6,35320,0.00,0.00
2026-09-20 06:25,2026-09-21 12:00,30,25,4,14.5,72,66,93,79,850,850,0.15,1.00,10.9,47100,0.00,0.00
2026-09-20 06:25,2026-09-21 13:00,31,29,7,18.0,73,65,95,82,850,850,0.15,1.00,10.2,32100,0.00,0.00
2026-09-20 06:25,2026-09-21 14:00,32,32,11,21.5,74,66,95,82,850,850,0.15,1.00,10.1,28240,0.00,0.00
2026-09-20 06:25,2026-09-21 15:00,33,34,12,23.0,75,68,95,82,850,850,0.15,1.00,9.7,27380,0.00,0.00
2026-09-20 06:25,2026-09-21 16:00,34,38,9,23.5,81,73,96,82,850,850,0.15,1.00,10.7,23020,0.00,0.00
2026-09-20 06:25,2026-09-21 17:00,35,36,4,20.0,84,79,96,81,850,850,0.15,1.00,11.1,26140,0.00,0.00
2026-09-20 06:25,2026-09-21 18:00,36,31,0,15.5,86,84,92,75,850,850,0.15,1.00,11.4,28240,0.00,0.00
2026-09-20 06:25,2026-09-21 19:00,37,23,0,11.5,86,87,81,58,850,850,1.00,1.00,12.3,30040,0.00,0.00
2026-09-20 18:25,2026-09-20 19:00,1,2,0,1.0,80,86,70,58,850,850,1.00,1.00,11.6,32620,0.00,0.00
2026-09-20 18:25,2026-09-21 05:00,11,6,9,7.5,86,98,63,52,850,850,1.00,0.50,16.9,560,0.00,0.00
2026-09-20 18:25,2026-09-21 06:00,12,3,9,6.0,85,97,58,53,850,850,1.00,0.50,15.8,420,0.00,0.00
2026-09-20 18:25,2026-09-21 07:00,13,14,7,10.5,86,92,61,57,850,850,1.00,0.50,16.2,27580,0.00,0.00
2026-09-20 18:25,2026-09-21 08:00,14,14,3,8.5,84,86,67,61,850,850,1.00,1.00,16.2,18100,0.00,0.00
2026-09-20 18:25,2026-09-21 09:00,15,7,0,3.5,79,80,74,66,850,850,1.00,1.00,15.5,29860,0.00,0.00
2026-09-20 18:25,2026-09-21 10:00,16,9,0,4.5,75,75,80,70,850,850,1.00,1.00,14.4,43240,0.00,0.00
2026-09-20 18:25,2026-09-21 11:00,17,16,0,8.0,74,71,86,73,850,850,1.00,1.00,13.0,43280,0.00,0.00
2026-09-20 18:25,2026-09-21 12:00,18,18,0,9.0,72,68,91,76,850,850,0.15,1.00,12.6,44860,0.00,0.00
2026-09-20 18:25,2026-09-21 13:00,19,21,3,12.0,72,68,93,79,850,850,0.15,1.00,11.9,29180,0.00,0.00
2026-09-20 18:25,2026-09-21 14:00,20,25,7,16.0,73,69,94,82,850,850,0.15,1.00,10.8,28640,0.00,0.00
2026-09-20 18:25,2026-09-21 15:00,21,24,9,16.5,73,71,93,81,850,850,0.15,1.00,10.8,24620,0.00,0.00
2026-09-20 18:25,2026-09-21 16:00,22,20,7,13.5,73,75,91,74,850,850,0.15,1.00,10.8,43200,0.00,0.00
2026-09-20 18:25,2026-09-21 17:00,23,17,3,10.0,76,79,87,64,850,850,1.00,1.00,10.5,36840,0.00,0.00
2026-09-20 18:25,2026-09-21 18:00,24,8,0,4.0,77,83,78,52,850,850,1.00,1.00,10.4,37020,0.00,0.00
2026-09-20 18:25,2026-09-21 19:00,25,1,0,0.5,77,85,61,38,850,850,1.00,1.00,10.8,38120,0.00,0.00
2026-09-20 18:25,2026-09-22 05:00,35,0,0,0.0,73,90,29,13,850,850,1.00,0.50,9.0,42740,0.00,0.00
2026-09-20 18:25,2026-09-22 06:00,36,0,0,0.0,73,88,30,14,850,850,1.00,1.00,8.0,42680,0.00,0.00
2026-09-20 18:25,2026-09-22 07:00,37,0,0,0.0,70,81,30,14,850,850,1.00,1.00,7.6,42580,0.00,0.00
2026-09-20 18:25,2026-09-22 08:00,38,0,0,0.0,63,70,29,15,850,850,1.00,1.00,6.9,46360,0.00,0.00
2026-09-20 18:25,2026-09-22 09:00,39,0,0,0.0,57,61,31,19,850,850,1.00,1.00,5.6,49640,0.00,0.00
2026-09-20 18:25,2026-09-22 10:00,40,0,0,0.0,52,54,38,31,850,850,1.00,1.00,4.5,49600,0.00,0.00
2026-09-20 18:25,2026-09-22 11:00,41,0,0,0.0,47,48,47,48,850,850,1.00,1.00,3.8,53380,0.00,0.00
2026-09-20 18:25,2026-09-22 12:00,42,0,0,0.0,44,45,54,60,850,850,1.00,1.00,3.3,53400,0.00,0.00
2026-09-21 06:25,2026-09-21 07:00,1,17,11,14.0,88,92,81,63,850,850,1.00,0.50,14.8,980,0.00,0.00
2026-09-21 06:25,2026-09-21 08:00,2,31,4,17.5,87,86,89,61,850,850,1.00,1.00,14.4,11620,0.00,0.00
2026-09-21 06:25,2026-09-21 09:00,3,36,0,18.0,85,80,95,62,850,850,0.15,1.00,14.4,26640,0.00,0.00
2026-09-21 06:25,2026-09-21 10:00,4,25,3,14.0,81,75,97,68,850,850,0.15,1.00,13.7,40060,0.00,0.00
2026-09-21 06:25,2026-09-21 11:00,5,32,10,21.0,78,69,97,77,850,850,0.15,1.00,11.9,46920,0.00,0.00
2026-09-21 06:25,2026-09-21 12:00,6,35,15,25.0,77,66,97,84,850,850,0.15,1.00,11.2,46960,0.00,0.00
2026-09-21 06:25,2026-09-21 13:00,7,35,18,26.5,76,65,97,86,850,850,0.15,1.00,10.5,31940,0.00,0.00
2026-09-21 06:25,2026-09-21 14:00,8,30,20,25.0,74,65,96,86,850,850,0.15,1.00,10.1,35040,0.00,0.00
2026-09-21 06:25,2026-09-21 15:00,9,27,19,23.0,74,68,94,85,850,850,0.15,1.00,10.1,32060,0.00,0.00
2026-09-21 06:25,2026-09-21 16:00,10,23,13,18.0,75,74,92,82,850,850,0.15,1.00,10.1,27720,0.00,0.00
2026-09-21 06:25,2026-09-21 17:00,11,23,5,14.0,79,82,89,78,850,850,1.00,1.00,10.4,19900,0.00,0.00
2026-09-21 06:25,2026-09-21 18:00,12,17,0,8.5,81,89,84,73,850,850,1.00,1.00,9.7,24380,0.00,0.00
2026-09-21 06:25,2026-09-21 19:00,13,13,0,6.5,83,92,74,67,850,850,1.00,0.50,9.0,24200,0.00,0.00
2026-09-21 06:25,2026-09-22 05:00,23,0,0,0.0,71,88,30,51,850,850,1.00,1.00,8.4,42700,0.00,0.00
2026-09-21 06:25,2026-09-22 06:00,24,0,0,0.0,71,83,25,49,850,850,1.00,1.00,7.2,42640,0.00,0.00
2026-09-21 06:25,2026-09-22 07:00,25,0,0,0.0,70,76,24,44,850,850,1.00,1.00,6.9,42560,0.00,0.00
2026-09-21 06:25,2026-09-22 08:00,26,0,0,0.0,63,67,25,39,850,850,1.00,1.00,7.2,46340,0.00,0.00
2026-09-21 06:25,2026-09-22 09:00,27,0,0,0.0,56,59,29,36,850,850,1.00,1.00,5.8,49620,0.00,0.00
2026-09-21 06:25,2026-09-22 10:00,28,0,0,0.0,51,53,36,39,850,850,1.00,1.00,4.9,49580,0.00,0.00
2026-09-21 06:25,2026-09-22 11:00,29,0,0,0.0,47,47,46,46,850,850,1.00,1.00,4.1,53360,0.00,0.00
2026-09-21 06:25,2026-09-22 12:00,30,0,0,0.0,44,44,53,52,850,850,1.00,1.00,3.3,53380,0.00,0.00
2026-09-21 06:25,2026-09-22 13:00,31,0,0,0.0,44,42,56,56,850,850,1.00,1.00,3.6,53400,0.00,0.00
2026-09-21 06:25,2026-09-22 14:00,32,2,0,1.0,46,42,56,60,850,850,1.00,1.00,5.1,53420,0.00,0.00
2026-09-21 06:25,2026-09-22 15:00,33,1,0,0.5,48,45,55,62,850,850,1.00,1.00,6.5,53400,0.00,0.00
2026-09-21 06:25,2026-09-22 16:00,34,0,0,0.0,55,55,53,62,850,850,1.00,1.00,8.0,53380,0.00,0.00
2026-09-21 06:25,2026-09-22 17:00,35,1,0,0.5,60,69,49,61,850,850,1.00,1.00,7.2,46220,0.00,0.00
2026-09-21 06:25,2026-09-22 18:00,36,0,0,0.0,65,79,46,60,850,850,1.00,1.00,5.7,42340,0.00,0.00
2026-09-21 06:25,2026-09-22 19:00,37,0,0,0.0,68,83,43,58,850,850,1.00,1.00,5.2,42280,0.00,0.00
2026-09-21 18:25,2026-09-21 19:00,1,6,0,3.0,84,89,72,65,850,850,1.00,1.00,10.5,26900,0.00,0.00
2026-09-21 18:25,2026-09-22 05:00,11,8,0,4.0,71,87,71,35,850,850,1.00,1.00,7.3,42680,0.00,0.00
2026-09-21 18:25,2026-09-22 06:00,12,5,0,2.5,72,85,65,33,850,850,1.00,1.00,6.9,42600,0.00,0.00
2026-09-21 18:25,2026-09-22 07:00,13,2,0,1.0,71,77,56,31,850,850,1.00,1.00,6.6,42540,0.00,0.00
2026-09-21 18:25,2026-09-22 08:00,14,0,0,0.0,64,67,46,29,850,850,1.00,1.00,5.8,46320,0.00,0.00
2026-09-21 18:25,2026-09-22 09:00,15,0,0,0.0,58,58,40,31,850,850,1.00,1.00,4.4,49580,0.00,0.00
2026-09-21 18:25,2026-09-22 10:00,16,0,0,0.0,53,53,41,39,850,850,1.00,1.00,3.4,49520,0.00,0.00
2026-09-21 18:25,2026-09-22 11:00,17,1,0,0.5,47,51,47,51,850,850,1.00,1.00,2.6,53320,0.00,0.00
2026-09-21 18:25,2026-09-22 12:00,18,1,0,0.5,43,49,52,60,850,850,1.00,1.00,2.6,53360,0.00,0.00
2026-09-21 18:25,2026-09-22 13:00,19,1,0,0.5,43,47,56,64,850,850,1.00,1.00,2.7,53400,0.00,0.00
2026-09-21 18:25,2026-09-22 14:00,20,2,0,1.0,44,47,59,64,850,850,1.00,1.00,3.9,53420,0.00,0.00
2026-09-21 18:25,2026-09-22 15:00,21,6,0,3.0,49,50,60,65,850,850,1.00,1.00,5.7,53400,0.00,0.00
2026-09-21 18:25,2026-09-22 16:00,22,4,0,2.0,54,59,57,66,850,850,1.00,1.00,6.0,49580,0.00,0.00
2026-09-21 18:25,2026-09-22 17:00,23,4,0,2.0,58,72,52,68,850,850,1.00,1.00,5.5,46180,0.00,0.00
2026-09-21 18:25,2026-09-22 18:00,24,2,0,1.0,64,82,47,68,850,850,1.00,1.00,4.8,42320,0.00,0.00
2026-09-21 18:25,2026-09-22 19:00,25,0,0,0.0,68,85,44,66,850,850,1.00,1.00,4.5,42280,0.00,0.00
2026-09-21 18:25,2026-09-23 05:00,35,6,4,5.0,76,94,64,78,850,850,1.00,0.50,5.8,34020,0.00,0.00
2026-09-21 18:25,2026-09-23 06:00,36,2,0,1.0,69,93,63,73,850,850,1.00,0.50,2.5,33980,0.00,0.00
2026-09-21 18:25,2026-09-23 07:00,37,2,0,1.0,75,87,63,65,850,850,1.00,1.00,1.9,33920,0.00,0.00
2026-09-21 18:25,2026-09-23 08:00,38,2,0,1.0,81,77,64,56,850,850,1.00,1.00,1.8,42060,0.00,0.00
2026-09-21 18:25,2026-09-23 09:00,39,3,0,1.5,70,69,64,53,850,850,1.00,1.00,3.5,45860,0.00,0.00
2026-09-21 18:25,2026-09-23 10:00,40,7,8,7.5,63,64,65,62,850,850,1.00,1.00,4.4,45860,0.00,0.00
2026-09-21 18:25,2026-09-23 11:00,41,7,19,13.0,59,59,65,77,850,850,1.00,1.00,5.0,49240,0.00,0.00
2026-09-21 18:25,2026-09-23 12:00,42,7,26,16.5,57,56,66,87,850,850,1.00,1.00,5.4,49280,0.00,0.00
2026-09-22 06:25,2026-09-22 07:00,1,7,0,3.5,67,75,33,24,850,850,1.00,1.00,6.8,42520,0.00,0.00
2026-09-22 06:25,2026-09-22 08:00,2,0,0,0.0,63,65,34,23,850,850,1.00,1.00,7.0,46300,0.00,0.00
2026-09-22 06:25,2026-09-22 09:00,3,0,0,0.0,57,56,37,25,850,850,1.00,1.00,5.8,49560,0.00,0.00
2026-09-22 06:25,2026-09-22 10:00,4,0,0,0.0,52,49,44,32,850,850,1.00,1.00,4.4,53300,0.00,0.00
2026-09-22 06:25,2026-09-22 11:00,5,1,0,0.5,49,44,52,42,850,850,1.00,1.00,3.3,53280,0.00,0.00
2026-09-22 06:25,2026-09-22 12:00,6,2,0,1.0,47,41,58,51,850,850,1.00,1.00,2.8,53340,0.00,0.00
2026-09-22 06:25,2026-09-22 13:00,7,2,0,1.0,46,40,59,57,850,850,1.00,1.00,2.5,53380,0.00,0.00
2026-09-22 06:25,2026-09-22 14:00,8,4,0,2.0,45,42,58,62,850,850,1.00,1.00,1.5,53380,0.00,0.00
2026-09-22 06:25,2026-09-22 15:00,9,8,0,4.0,47,48,56,65,850,850,1.00,1.00,1.6,53360,0.00,0.00
2026-09-22 06:25,2026-09-22 16:00,10,10,0,5.0,50,60,54,66,850,850,1.00,1.00,3.4,49540,0.00,0.00
2026-09-22 06:25,2026-09-22 17:00,11,10,0,5.0,57,76,51,67,850,850,1.00,1.00,4.3,46140,0.00,0.00
2026-09-22 06:25,2026-09-22 18:00,12,4,0,2.0,64,88,49,66,850,850,1.00,1.00,4.0,37440,0.00,0.00
2026-09-22 06:25,2026-09-22 19:00,13,0,0,0.0,70,91,49,65,850,850,1.00,0.50,3.5,34060,0.00,0.00
2026-09-22 06:25,2026-09-23 05:00,23,5,0,2.5,79,94,67,73,850,850,1.00,0.50,5.4,33980,0.00,0.00
2026-09-22 06:25,2026-09-23 06:00,24,5,0,2.5,75,92,69,70,850,850,1.00,0.50,4.2,33940,0.00,0.00
2026-09-22 06:25,2026-09-23 07:00,25,4,0,2.0,76,85,71,66,850,850,1.00,1.00,2.3,33900,0.00,0.00
2026-09-22 06:25,2026-09-23 08:00,26,7,0,3.5,76,76,72,63,850,850,1.00,1.00,1.8,42040,0.00,0.00
2026-09-22 06:25,2026-09-23 09:00,27,6,0,3.0,69,68,73,62,850,850,1.00,1.00,3.4,45840,0.00,0.00
2026-09-22 06:25,2026-09-23 10:00,28,10,3,6.5,66,62,72,67,850,850,1.00,1.00,4.2,45840,0.00,0.00
2026-09-22 06:25,2026-09-23 11:00,29,13,8,10.5,62,58,71,75,850,850,1.00,1.00,5.0,49180,0.00,0.00
2026-09-22 06:25,2026-09-23 12:00,30,12,10,11.0,59,54,70,81,850,850,1.00,1.00,5.2,49220,0.00,0.00
2026-09-22 06:25,2026-09-23 13:00,31,13,8,10.5,59,50,70,81,850,850,1.00,1.00,6.1,49260,0.00,0.00
2026-09-22 06:25,2026-09-23 14:00,32,21,4,12.5,61,48,71,79,850,850,1.00,1.00,6.3,53120,0.00,0.00
2026-09-22 06:25,2026-09-23 15:00,33,22,2,12.0,65,50,73,78,850,850,1.00,1.00,5.9,53160,0.00,0.00
2026-09-22 06:25,2026-09-23 16:00,34,18,3,10.5,69,62,79,80,850,850,1.00,1.00,5.9,49360,0.00,0.00
2026-09-22 06:25,2026-09-23 17:00,35,6,6,6.0,74,79,86,83,850,850,1.00,1.00,4.3,46020,0.00,0.00
2026-09-22 06:25,2026-09-23 18:00,36,4,12,8.0,88,92,89,81,850,850,1.00,0.50,2.9,28020,0.00,0.00
2026-09-22 06:25,2026-09-23 19:00,37,8,26,17.0,91,98,82,70,850,850,0.50,0.50,3.4,20720,0.00,0.00
2026-09-22 18:25,2026-09-22 19:00,1,0,0,0.0,71,88,52,60,850,850,1.00,1.00,4.2,37420,0.00,0.00
2026-09-22 18:25,2026-09-23 05:00,11,4,0,2.0,80,91,67,73,850,850,1.00,0.50,6.5,37320,0.00,0.00
2026-09-22 18:25,2026-09-23 06:00,12,5,0,2.5,81,89,67,71,850,850,1.00,1.00,6.8,37300,0.00,0.00
2026-09-22 18:25,2026-09-23 07:00,13,5,0,2.5,79,83,68,70,850,850,1.00,1.00,4.1,37260,0.00,0.00
2026-09-22 18:25,2026-09-23 08:00,14,5,0,2.5,74,75,68,69,850,850,1.00,1.00,1.3,42060,0.00,0.00
2026-09-22 18:25,2026-09-23 09:00,15,10,0,5.0,65,67,69,69,850,850,1.00,1.00,2.9,45880,0.00,0.00
2026-09-22 18:25,2026-09-23 10:00,16,13,1,7.0,63,61,70,72,850,850,1.00,1.00,4.1,49200,0.00,0.00
2026-09-22 18:25,2026-09-23 11:00,17,18,2,10.0,60,57,71,76,850,850,1.00,1.00,5.2,49260,0.00,0.00
2026-09-22 18:25,2026-09-23 12:00,18,24,3,13.5,58,53,72,79,850,850,1.00,1.00,5.8,49300,0.00,0.00
2026-09-22 18:25,2026-09-23 13:00,19,21,4,12.5,59,49,72,81,850,850,1.00,1.00,5.8,49340,0.00,0.00
2026-09-22 18:25,2026-09-23 14:00,20,20,6,13.0,60,47,71,81,850,850,1.00,1.00,5.6,53180,0.00,0.00
2026-09-22 18:25,2026-09-23 15:00,21,27,6,16.5,63,50,72,80,850,850,1.00,1.00,5.5,53180,0.00,0.00
2026-09-22 18:25,2026-09-23 16:00,22,19,3,11.0,66,63,77,77,850,850,1.00,1.00,5.2,49360,0.00,0.00
2026-09-22 18:25,2026-09-23 17:00,23,21,0,10.5,72,80,85,72,850,850,1.00,1.00,4.0,41920,0.00,0.00
2026-09-22 18:25,2026-09-23 18:00,24,25,0,12.5,82,94,88,67,850,850,1.00,0.50,2.5,18780,0.00,0.00
2026-09-22 18:25,2026-09-23 19:00,25,19,16,17.5,87,99,83,61,850,850,1.00,0.50,1.5,20520,0.00,0.00
2026-09-22 18:25,2026-09-24 05:00,35,38,0,19.0,88,86,89,73,850,850,1.00,1.00,4.1,9940,0.00,0.00
2026-09-22 18:25,2026-09-24 06:00,36,38,0,19.0,91,87,89,69,850,850,0.50,1.00,4.1,42180,0.00,0.00
2026-09-22 18:25,2026-09-24 07:00,37,33,0,16.5,89,83,87,57,850,850,1.00,1.00,3.3,37320,0.00,0.00
2026-09-22 18:25,2026-09-24 08:00,38,19,0,9.5,82,75,83,42,850,850,1.00,1.00,2.6,42100,0.00,0.00
2026-09-22 18:25,2026-09-24 09:00,39,17,0,8.5,75,68,80,35,850,850,1.00,1.00,3.0,45880,0.00,0.00
2026-09-22 18:25,2026-09-24 10:00,40,21,0,10.5,69,62,78,42,850,850,1.00,1.00,3.3,49220,0.00,0.00
2026-09-22 18:25,2026-09-24 11:00,41,19,0,9.5,64,55,77,57,850,850,1.00,1.00,4.3,49260,0.00,0.00
2026-09-22 18:25,2026-09-24 12:00,42,14,0,7.0,60,51,75,69,850,850,1.00,1.00,5.4,49340,0.00,0.00
2026-09-23 06:25,2026-09-23 07:00,1,11,0,5.5,89,88,79,73,850,850,1.00,1.00,3.3,33900,0.00,0.00
2026-09-23 06:25,2026-09-23 08:00,2,9,0,4.5,80,79,77,68,850,850,1.00,1.00,2.6,42060,0.00,0.00
2026-09-23 06:25,2026-09-23 09:00,3,13,0,6.5,73,70,75,65,850,850,1.00,1.00,4.1,45860,0.00,0.00
2026-09-23 06:25,2026-09-23 10:00,4,24,2,13.0,69,63,74,69,850,850,1.00,1.00,4.7,45840,0.00,0.00
2026-09-23 06:25,2026-09-23 11:00,5,20,5,12.5,65,57,73,75,850,850,1.00,1.00,5.1,49180,0.00,0.00
2026-09-23 06:25,2026-09-23 12:00,6,15,7,11.0,62,53,72,80,850,850,1.00,1.00,5.7,49240,0.00,0.00
2026-09-23 06:25,2026-09-23 13:00,7,14,7,10.5,60,49,70,81,850,850,1.00,1.00,6.3,53100,0.00,0.00
2026-09-23 06:25,2026-09-23 14:00,8,12,7,9.5,58,47,67,81,850,850,1.00,1.00,5.7,53140,0.00,0.00
2026-09-23 06:25,2026-09-23 15:00,9,18,7,12.5,59,50,68,80,850,850,1.00,1.00,5.6,53140,0.00,0.00
2026-09-23 06:25,2026-09-23 16:00,10,17,8,12.5,64,61,76,79,850,850,1.00,1.00,5.8,24880,0.00,0.00
2026-09-23 06:25,2026-09-23 17:00,11,13,10,11.5,72,77,88,78,850,850,1.00,1.00,4.7,15980,0.00,0.00
2026-09-23 06:25,2026-09-23 18:00,12,19,12,15.5,82,89,94,77,850,850,0.15,1.00,2.6,13960,0.00,0.00
2026-09-23 06:25,2026-09-23 19:00,13,21,14,17.5,90,94,89,74,850,850,0.50,0.50,2.7,29420,0.00,0.00
2026-09-23 06:25,2026-09-24 05:00,23,32,4,18.0,98,93,85,74,850,850,0.50,0.50,4.3,34020,0.00,0.00
2026-09-23 06:25,2026-09-24 06:00,24,34,0,17.0,98,91,85,66,850,850,0.50,0.50,4.3,33980,0.00,0.00
2026-09-23 06:25,2026-09-24 07:00,25,21,0,10.5,93,86,83,53,850,850,0.50,1.00,3.6,37280,0.00,0.00
2026-09-23 06:25,2026-09-24 08:00,26,16,0,8.0,83,79,80,38,850,850,1.00,1.00,2.8,42080,0.00,0.00
2026-09-23 06:25,2026-09-24 09:00,27,10,0,5.0,73,72,76,32,850,850,1.00,1.00,2.7,45880,0.00,0.00
2026-09-23 06:25,2026-09-24 10:00,28,12,0,6.0,66,64,71,41,850,850,1.00,1.00,4.2,45900,0.00,0.00
2026-09-23 06:25,2026-09-24 11:00,29,6,0,3.0,60,55,66,59,850,850,1.00,1.00,5.5,49240,0.00,0.00
2026-09-23 06:25,2026-09-24 12:00,30,4,0,2.0,56,50,63,73,850,850,1.00,1.00,5.8,53120,0.00,0.00
2026-09-23 06:25,2026-09-24 13:00,31,4,3,3.5,54,49,63,79,850,850,1.00,1.00,5.8,53180,0.00,0.00
2026-09-23 06:25,2026-09-24 14:00,32,6,7,6.5,55,51,65,81,850,850,1.00,1.00,6.0,49440,0.00,0.00
2026-09-23 06:25,2026-09-24 15:00,33,13,14,13.5,57,56,70,83,850,850,1.00,1.00,5.8,49480,0.00,0.00
2026-09-23 06:25,2026-09-24 16:00,34,23,28,25.5,61,67,80,88,850,850,1.00,1.00,5.2,46140,0.00,0.10
2026-09-23 06:25,2026-09-24 17:00,35,31,45,38.0,69,83,92,93,850,850,0.15,0.15,2.8,12620,0.00,0.10
2026-09-23 06:25,2026-09-24 18:00,36,44,54,49.0,84,94,98,95,850,850,0.15,0.00,1.1,11580,0.00,0.10
2026-09-23 06:25,2026-09-24 19:00,37,33,49,41.0,92,99,93,91,850,850,0.00,0.00,2.5,18020,0.00,0.00
2026-09-23 18:25,2026-09-23 19:00,1,11,11,11.0,90,95,77,72,850,850,0.50,0.50,4.0,29420,0.00,0.00
2026-09-23 18:25,2026-09-24 05:00,11,28,4,16.0,87,92,78,75,850,850,1.00,0.50,5.9,37360,0.00,0.00
2026-09-23 18:25,2026-09-24 06:00,12,16,0,8.0,89,91,78,69,850,850,1.00,0.50,6.1,37300,0.00,0.00
2026-09-23 18:25,2026-09-24 07:00,13,10,0,5.0,89,86,75,60,850,850,1.00,1.00,4.3,37280,0.00,0.00
2026-09-23 18:25,2026-09-24 08:00,14,6,0,3.0,79,78,71,50,850,850,1.00,1.00,3.9,42080,0.00,0.00
2026-09-23 18:25,2026-09-24 09:00,15,4,0,2.0,70,71,68,46,850,850,1.00,1.00,2.8,45880,0.00,0.00
2026-09-23 18:25,2026-09-24 10:00,16,7,0,3.5,63,65,67,52,850,850,1.00,1.00,3.8,45940,0.00,0.00
2026-09-23 18:25,2026-09-24 11:00,17,7,0,3.5,59,59,68,63,850,850,1.00,1.00,4.7,49320,0.00,0.00
2026-09-23 18:25,2026-09-24 12:00,18,11,0,5.5,57,55,70,72,850,850,1.00,1.00,4.5,49360,0.00,0.00
2026-09-23 18:25,2026-09-24 13:00,19,20,0,10.0,58,50,73,74,850,850,1.00,1.00,4.7,53240,0.00,0.00
2026-09-23 18:25,2026-09-24 14:00,20,26,0,13.0,60,47,76,73,850,850,1.00,1.00,4.9,53280,0.00,0.00
2026-09-23 18:25,2026-09-24 15:00,21,45,0,22.5,61,49,80,74,850,850,1.00,1.00,3.6,53300,0.00,0.00
2026-09-23 18:25,2026-09-24 16:00,22,62,12,37.0,67,61,86,80,850,850,1.00,1.00,3.7,49480,0.00,0.00
2026-09-23 18:25,2026-09-24 17:00,23,62,30,46.0,75,79,92,87,850,850,0.15,1.00,3.3,25160,0.00,0.00
2026-09-23 18:25,2026-09-24 18:00,24,63,42,52.5,86,93,96,92,850,850,0.15,0.00,2.6,12900,0.00,0.00
2026-09-23 18:25,2026-09-24 19:00,25,61,45,53.0,92,98,94,92,850,850,0.00,0.00,2.6,520,0.00,0.00
2026-09-23 18:25,2026-09-25 05:00,35,95,14,54.5,99,99,67,82,850,850,0.50,0.50,1.9,480,0.00,0.00
2026-09-23 18:25,2026-09-25 06:00,36,94,9,51.5,99,97,61,81,850,850,0.50,0.50,2.2,620,0.00,0.00
2026-09-23 18:25,2026-09-25 07:00,37,15,5,10.0,94,93,61,79,850,850,0.50,0.50,3.1,760,0.00,0.00
2026-09-23 18:25,2026-09-25 08:00,38,13,2,7.5,84,87,64,76,850,850,1.00,1.00,3.8,4460,0.00,0.00
2026-09-23 18:25,2026-09-25 09:00,39,7,0,3.5,75,80,67,75,850,850,1.00,1.00,4.7,6740,0.00,0.00
2026-09-23 18:25,2026-09-25 10:00,40,10,1,5.5,68,72,69,76,850,850,1.00,1.00,4.2,12400,0.00,0.00
2026-09-23 18:25,2026-09-25 11:00,41,9,4,6.5,64,63,70,79,850,850,1.00,1.00,5.1,13660,0.00,0.00
2026-09-23 18:25,2026-09-25 12:00,42,8,8,8.0,60,58,71,81,850,850,1.00,1.00,5.0,11780,0.00,0.00
2026-09-24 06:25,2026-09-24 07:00,1,0,0,0.0,85,85,33,63,850,850,1.00,1.00,5.9,37320,0.00,0.00
2026-09-24 06:25,2026-09-24 08:00,2,0,0,0.0,77,77,28,56,850,850,1.00,1.00,5.9,42100,0.00,0.00
2026-09-24 06:25,2026-09-24 09:00,3,0,0,0.0,68,70,26,54,850,850,1.00,1.00,4.7,45900,0.00,0.00
2026-09-24 06:25,2026-09-24 10:00,4,0,0,0.0,57,63,31,60,850,850,1.00,1.00,3.7,45940,0.00,0.00
2026-09-24 06:25,2026-09-24 11:00,5,0,1,0.5,48,57,40,70,850,850,1.00,1.00,3.0,49280,0.00,0.00
2026-09-24 06:25,2026-09-24 12:00,6,0,1,0.5,44,52,48,78,850,850,1.00,1.00,2.9,49340,0.00,0.00
2026-09-24 06:25,2026-09-24 13:00,7,0,0,0.0,44,49,51,79,850,850,1.00,1.00,3.5,53180,0.00,0.00
2026-09-24 06:25,2026-09-24 14:00,8,1,0,0.5,47,48,53,78,850,850,1.00,1.00,4.7,53240,0.00,0.00
2026-09-24 06:25,2026-09-24 15:00,9,3,0,1.5,51,52,56,77,850,850,1.00,1.00,4.8,49480,0.00,0.00
2026-09-24 06:25,2026-09-24 16:00,10,4,6,5.0,55,64,65,80,850,850,1.00,1.00,4.4,49480,0.00,0.00
2026-09-24 06:25,2026-09-24 17:00,11,6,15,10.5,63,80,75,83,850,850,1.00,1.00,2.8,42320,0.00,0.00
2026-09-24 06:25,2026-09-24 18:00,12,4,23,13.5,82,93,81,86,850,850,1.00,0.50,2.0,24240,0.00,0.00
2026-09-24 06:25,2026-09-24 19:00,13,3,28,15.5,84,98,77,87,850,850,1.00,0.50,5.2,6920,0.00,0.00
2026-09-24 06:25,2026-09-25 05:00,23,0,35,17.5,86,100,60,57,850,850,1.00,0.50,4.7,120,0.00,0.00
2026-09-24 06:25,2026-09-25 06:00,24,1,30,15.5,80,99,60,52,850,850,1.00,0.50,4.9,160,0.00,0.00
2026-09-24 06:25,2026-09-25 07:00,25,3,23,13.0,80,96,63,47,850,850,1.00,0.50,2.8,280,0.00,0.00
2026-09-24 06:25,2026-09-25 08:00,26,4,16,10.0,79,91,68,43,850,850,1.00,0.50,1.6,460,0.00,0.00
2026-09-24 06:25,2026-09-25 09:00,27,12,10,11.0,79,85,73,44,850,850,1.00,1.00,2.3,620,0.00,0.00
2026-09-24 06:25,2026-09-25 10:00,28,27,8,17.5,79,76,78,54,850,850,1.00,1.00,4.5,1340,0.00,0.00
2026-09-24 06:25,2026-09-25 11:00,29,26,8,17.0,74,65,82,70,850,850,1.00,1.00,3.2,3520,0.00,0.00
2026-09-24 06:25,2026-09-25 12:00,30,22,8,15.0,71,58,85,81,850,850,1.00,1.00,3.6,5280,0.00,0.00
2026-09-24 06:25,2026-09-25 13:00,31,28,7,17.5,67,55,84,83,850,850,1.00,1.00,4.7,7320,0.00,0.00
2026-09-24 06:25,2026-09-25 14:00,32,23,6,14.5,65,55,82,82,850,850,1.00,1.00,4.0,9380,0.00,0.00
2026-09-24 06:25,2026-09-25 15:00,33,34,8,21.0,65,58,82,81,850,850,1.00,1.00,3.4,11340,0.00,0.00
2026-09-24 06:25,2026-09-25 16:00,34,47,16,31.5,72,67,87,84,850,850,1.00,1.00,4.2,12780,0.00,0.00
2026-09-24 06:25,2026-09-25 17:00,35,34,27,30.5,86,78,94,87,850,850,0.15,1.00,3.7,13660,0.00,0.00
2026-09-24 06:25,2026-09-25 18:00,36,44,37,40.5,92,88,99,89,850,850,0.00,1.00,3.8,9960,0.00,0.00
2026-09-24 06:25,2026-09-25 19:00,37,37,43,40.0,98,93,99,87,850,850,0.00,0.50,5.9,5380,0.10,0.00
2026-09-24 18:25,2026-09-24 19:00,1,10,56,33.0,88,98,91,95,850,850,0.15,0.00,4.2,1500,0.00,0.00
2026-09-24 18:25,2026-09-25 05:00,11,87,50,68.5,99,100,25,69,850,850,0.50,0.50,1.8,140,0.00,0.00
2026-09-24 18:25,2026-09-25 06:00,12,86,46,66.0,99,100,25,66,850,850,0.50,0.50,2.2,180,0.00,0.00
2026-09-24 18:25,2026-09-25 07:00,13,64,32,48.0,99,93,38,68,850,850,0.50,0.50,2.3,420,0.00,0.00
2026-09-24 18:25,2026-09-25 08:00,14,27,13,20.0,89,84,59,72,850,850,1.00,1.00,2.9,1640,0.00,0.00
2026-09-24 18:25,2026-09-25 09:00,15,20,0,10.0,82,75,75,76,850,850,1.00,1.00,5.5,4380,0.00,0.00
2026-09-24 18:25,2026-09-25 10:00,16,22,0,11.0,75,67,80,78,850,850,1.00,1.00,3.7,8780,0.00,0.00
2026-09-24 18:25,2026-09-25 11:00,17,22,5,13.5,69,60,79,80,850,850,1.00,1.00,3.6,12700,0.00,0.00
2026-09-24 18:25,2026-09-25 12:00,18,27,10,18.5,66,55,78,81,850,850,1.00,1.00,3.8,12940,0.00,0.00
2026-09-24 18:25,2026-09-25 13:00,19,31,11,21.0,64,54,78,82,850,850,1.00,1.00,3.9,11180,0.00,0.00
2026-09-24 18:25,2026-09-25 14:00,20,29,11,20.0,66,56,78,82,850,850,1.00,1.00,3.8,8480,0.00,0.00
2026-09-24 18:25,2026-09-25 15:00,21,53,14,33.5,69,61,80,83,850,850,1.00,1.00,4.1,6680,0.00,0.00
2026-09-24 18:25,2026-09-25 16:00,22,77,21,49.0,75,71,85,86,850,850,1.00,1.00,3.3,5160,0.00,0.20
2026-09-24 18:25,2026-09-25 17:00,23,60,30,45.0,86,83,93,90,850,850,0.15,0.15,2.3,4920,0.10,0.20
2026-09-24 18:25,2026-09-25 18:00,24,62,39,50.5,94,93,97,91,850,850,0.00,0.00,1.9,6680,0.40,0.20
2026-09-24 18:25,2026-09-25 19:00,25,67,47,57.0,99,97,97,88,850,850,0.00,0.50,4.1,8140,2.10,0.10
2026-09-24 18:25,2026-09-26 05:00,35,32,63,47.5,93,100,76,91,850,850,0.50,0.00,2.5,500,0.00,0.00
2026-09-24 18:25,2026-09-26 06:00,36,20,66,43.0,94,100,77,94,850,850,0.50,0.00,4.2,360,0.00,0.00
2026-09-24 18:25,2026-09-26 07:00,37,18,58,38.0,93,99,77,94,850,850,0.50,0.00,3.3,580,0.00,0.20
2026-09-24 18:25,2026-09-26 08:00,38,17,44,30.5,95,97,75,92,850,850,0.50,0.00,2.5,1280,0.10,0.20
2026-09-24 18:25,2026-09-26 09:00,39,21,37,29.0,95,96,76,91,850,850,0.50,0.00,3.1,2920,0.00,0.20
2026-09-24 18:25,2026-09-26 10:00,40,32,42,37.0,96,95,80,93,850,850,0.50,0.00,3.3,9160,0.00,0.80
2026-09-24 18:25,2026-09-26 11:00,41,38,54,46.0,96,95,85,95,850,850,0.50,0.00,3.4,3720,0.00,0.80
2026-09-24 18:25,2026-09-26 12:00,42,44,62,53.0,96,95,89,97,850,850,0.50,0.00,3.3,7960,0.10,0.80
2026-09-25 06:25,2026-09-25 07:00,1,13,29,21.0,96,93,74,68,850,850,0.50,0.50,4.1,420,0.00,0.00
2026-09-25 06:25,2026-09-25 08:00,2,2,21,11.5,81,84,67,77,850,850,1.00,1.00,4.4,1680,0.00,0.00
2026-09-25 06:25,2026-09-25 09:00,3,10,16,13.0,76,75,63,84,850,850,1.00,1.00,5.6,4520,0.00,0.00
2026-09-25 06:25,2026-09-25 10:00,4,13,13,13.0,70,68,66,85,850,850,1.00,1.00,5.6,14400,0.00,0.00
2026-09-25 06:25,2026-09-25 11:00,5,14,11,12.5,67,62,72,83,850,850,1.00,1.00,4.9,15440,0.00,0.00
2026-09-25 06:25,2026-09-25 12:00,6,13,13,13.0,64,60,77,83,850,850,1.00,1.00,5.2,15840,0.00,0.00
2026-09-25 06:25,2026-09-25 13:00,7,28,22,25.0,67,65,80,86,850,850,1.00,1.00,5.1,11320,0.00,0.20
2026-09-25 06:25,2026-09-25 14:00,8,36,34,35.0,76,75,83,90,850,850,1.00,0.15,4.7,5720,0.00,0.20
2026-09-25 06:25,2026-09-25 15:00,9,34,42,38.0,78,84,85,92,850,850,1.00,0.15,5.4,9000,0.00,0.20
2026-09-25 06:25,2026-09-25 16:00,10,35,39,37.0,79,91,87,92,850,850,1.00,0.00,5.2,6940,0.00,0.50
2026-09-25 06:25,2026-09-25 17:00,11,38,32,35.0,84,96,89,91,850,850,1.00,0.00,4.4,5240,0.00,0.50
2026-09-25 06:25,2026-09-25 18:00,12,42,31,36.5,89,100,90,89,850,850,0.15,0.50,3.6,7300,0.00,0.50
2026-09-25 06:25,2026-09-25 19:00,13,49,43,46.0,95,100,90,86,850,850,0.00,0.50,2.5,560,0.00,0.10
2026-09-25 06:25,2026-09-26 05:00,23,53,60,56.5,90,100,98,89,850,850,0.00,0.50,2.4,240,0.00,0.10
2026-09-25 06:25,2026-09-26 06:00,24,51,59,55.0,93,100,97,87,850,850,0.00,0.50,3.1,320,0.20,0.10
2026-09-25 06:25,2026-09-26 07:00,25,52,52,52.0,95,99,96,88,850,850,0.00,0.50,0.5,300,0.30,0.20
2026-09-25 06:25,2026-09-26 08:00,26,46,43,44.5,98,97,93,89,850,850,0.00,0.50,3.0,7480,0.40,0.20
2026-09-25 06:25,2026-09-26 09:00,27,42,37,39.5,95,95,91,91,850,850,0.00,0.00,3.6,9240,1.20,0.20
2026-09-25 06:25,2026-09-26 10:00,28,50,37,43.5,94,93,89,92,850,850,0.50,0.00,3.9,4120,0.80,0.50
2026-09-25 06:25,2026-09-26 11:00,29,58,41,49.5,94,92,88,93,850,850,0.50,0.00,2.9,16680,0.30,0.50
2026-09-25 06:25,2026-09-26 12:00,30,56,47,51.5,94,92,86,94,850,850,0.50,0.00,2.8,7000,0.50,0.50
2026-09-25 06:25,2026-09-26 13:00,31,44,59,51.5,94,94,83,96,850,850,0.50,0.00,2.3,4020,2.50,2.60
2026-09-25 06:25,2026-09-26 14:00,32,18,73,45.5,93,98,79,99,850,850,0.50,0.00,2.0,1800,0.70,2.60
2026-09-25 06:25,2026-09-26 15:00,33,15,80,47.5,93,100,78,99,850,850,0.50,0.00,3.1,780,0.10,2.60
2026-09-25 06:25,2026-09-26 16:00,34,43,74,58.5,95,100,82,93,850,850,0.50,0.00,2.2,800,0.10,8.90
2026-09-25 06:25,2026-09-26 17:00,35,42,60,51.0,95,100,89,85,850,850,0.50,0.50,0.4,700,0.10,8.90
2026-09-25 06:25,2026-09-26 18:00,36,57,48,52.5,97,100,94,79,850,850,0.00,0.50,2.3,560,0.00,8.90
2026-09-25 06:25,2026-09-26 19:00,37,64,39,51.5,99,99,93,78,850,850,0.00,0.50,1.3,820,0.00,12.40
2026-09-25 18:25,2026-09-25 19:00,1,57,48,52.5,97,99,94,86,850,850,0.00,0.50,1.6,340,2.00,0.00
2026-09-25 18:25,2026-09-26 05:00,11,47,68,57.5,90,100,89,89,850,850,0.50,0.50,2.1,200,0.00,0.00
2026-09-25 18:25,2026-09-26 06:00,12,49,69,59.0,92,100,89,88,850,850,0.50,0.50,3.3,200,0.00,0.00
2026-09-25 18:25,2026-09-26 07:00,13,60,58,59.0,92,98,90,88,850,850,0.00,0.50,2.7,200,0.70,0.20
2026-09-25 18:25,2026-09-26 08:00,14,53,42,47.5,96,95,92,89,850,850,0.00,0.50,3.1,940,0.20,0.20
2026-09-25 18:25,2026-09-26 09:00,15,53,30,41.5,98,91,93,89,850,850,0.00,0.50,4.4,7760,0.00,0.20
2026-09-25 18:25,2026-09-26 10:00,16,49,26,37.5,98,86,94,89,850,850,0.00,1.00,5.8,10400,0.00,0.20
2026-09-25 18:25,2026-09-26 11:00,17,56,26,41.0,97,80,94,89,850,850,0.00,1.00,4.7,11860,0.80,0.20
2026-09-25 18:25,2026-09-26 12:00,18,36,29,32.5,98,78,95,89,850,850,0.00,1.00,5.9,6400,2.80,0.20
2026-09-25 18:25,2026-09-26 13:00,19,47,36,41.5,96,82,97,91,850,850,0.00,0.15,3.2,8240,3.10,0.60
2026-09-25 18:25,2026-09-26 14:00,20,52,46,49.0,97,88,99,93,850,850,0.00,0.15,0.8,5080,2.60,0.60
2026-09-25 18:25,2026-09-26 15:00,21,48,55,51.5,95,94,98,95,850,850,0.00,0.00,2.9,2620,2.70,0.60
2026-09-25 18:25,2026-09-26 16:00,22,52,63,57.5,97,97,90,97,850,850,0.00,0.00,1.4,520,8.80,2.80
2026-09-25 18:25,2026-09-26 17:00,23,44,70,57.0,98,99,79,98,850,850,0.50,0.00,3.0,460,2.20,2.80
2026-09-25 18:25,2026-09-26 18:00,24,57,72,64.5,99,100,71,98,850,850,0.50,0.00,4.3,500,1.00,2.80
2026-09-25 18:25,2026-09-26 19:00,25,100,65,82.5,99,100,69,95,850,850,0.50,0.00,4.1,560,1.10,3.60
2026-09-25 18:25,2026-09-27 05:00,35,43,43,43.0,97,99,91,85,850,850,0.00,0.50,4.0,1900,0.10,1.80
2026-09-25 18:25,2026-09-27 06:00,36,39,39,39.0,97,99,90,92,850,850,0.00,0.00,4.4,2640,0.10,1.80
2026-09-25 18:25,2026-09-27 07:00,37,33,41,37.0,98,99,89,94,850,850,0.50,0.00,3.7,2240,0.20,2.10
2026-09-25 18:25,2026-09-27 08:00,38,40,46,43.0,97,99,89,95,850,850,0.50,0.00,3.6,3380,0.40,2.10
2026-09-25 18:25,2026-09-27 09:00,39,40,49,44.5,97,99,88,94,850,850,0.50,0.00,5.4,3000,3.70,2.10
2026-09-25 18:25,2026-09-27 10:00,40,38,47,42.5,98,99,88,92,850,850,0.50,0.00,5.6,2600,1.30,1.50
2026-09-25 18:25,2026-09-27 11:00,41,31,43,37.0,95,98,87,90,850,850,0.50,0.00,5.9,2740,0.30,1.50
2026-09-25 18:25,2026-09-27 12:00,42,46,40,43.0,94,98,87,88,850,850,0.50,0.50,5.7,3660,0.30,1.50
2026-09-26 06:25,2026-09-26 07:00,1,96,48,72.0,99,96,88,93,850,850,0.50,0.00,1.5,1080,0.20,0.20
2026-09-26 06:25,2026-09-26 08:00,2,48,54,51.0,97,91,86,95,850,850,0.50,0.00,4.3,15280,0.00,0.20
2026-09-26 06:25,2026-09-26 09:00,3,40,55,47.5,92,88,85,95,850,850,0.50,0.15,3.2,9580,0.00,0.20
2026-09-26 06:25,2026-09-26 10:00,4,41,50,45.5,90,87,88,94,850,850,0.50,0.15,3.9,4540,0.00,0.90
2026-09-26 06:25,2026-09-26 11:00,5,47,40,43.5,86,87,93,92,850,850,0.15,0.15,4.9,5660,0.00,0.90
2026-09-26 06:25,2026-09-26 12:00,6,51,31,41.0,84,87,96,89,850,850,0.15,1.00,4.7,5560,0.00,0.90
2026-09-26 06:25,2026-09-26 13:00,7,48,18,33.0,92,85,97,85,850,850,0.00,1.00,4.0,13940,0.40,0.30
2026-09-26 06:25,2026-09-26 14:00,8,48,5,26.5,94,82,96,79,850,850,0.00,1.00,2.6,11740,0.30,0.30
2026-09-26 06:25,2026-09-26 15:00,9,42,4,23.0,96,82,95,78,850,850,0.00,1.00,2.9,43300,2.40,0.30
2026-09-26 06:25,2026-09-26 16:00,10,53,25,39.0,97,87,94,83,850,850,0.00,1.00,2.3,7540,4.20,1.90
2026-09-26 06:25,2026-09-26 17:00,11,45,58,51.5,97,94,92,92,850,850,0.00,0.00,3.0,2820,5.00,1.90
2026-09-26 06:25,2026-09-26 18:00,12,33,83,58.0,97,100,89,99,850,850,0.50,0.00,2.6,1120,2.60,1.90
2026-09-26 06:25,2026-09-26 19:00,13,42,92,67.0,97,100,83,100,850,850,0.50,0.00,3.4,1940,2.10,4.10
2026-09-26 06:25,2026-09-27 05:00,23,25,54,39.5,91,99,82,92,850,850,0.50,0.00,3.2,2340,0.40,1.50
2026-09-26 06:25,2026-09-27 06:00,24,12,57,34.5,92,99,78,96,850,850,0.50,0.00,1.6,2320,0.90,1.50
2026-09-26 06:25,2026-09-27 07:00,25,9,65,37.0,92,99,75,98,850,850,0.50,0.00,0.8,3060,0.60,1.80
2026-09-26 06:25,2026-09-27 08:00,26,8,74,41.0,95,99,73,99,850,850,0.50,0.00,1.6,2460,0.30,1.80
2026-09-26 06:25,2026-09-27 09:00,27,9,79,44.0,95,99,72,99,850,850,0.50,0.00,2.7,3160,0.00,1.80
2026-09-26 06:25,2026-09-27 10:00,28,14,74,44.0,96,97,72,98,850,850,0.50,0.00,3.9,2400,0.00,1.90
2026-09-26 06:25,2026-09-27 11:00,29,16,65,40.5,94,94,73,97,850,850,0.50,0.00,3.5,6460,0.00,1.90
2026-09-26 06:25,2026-09-27 12:00,30,16,58,37.0,93,92,74,96,850,850,0.50,0.00,3.6,5980,0.00,1.90
2026-09-26 06:25,2026-09-27 13:00,31,13,56,34.5,86,93,75,96,850,850,1.00,0.00,3.9,4520,0.00,1.80
2026-09-26 06:25,2026-09-27 14:00,32,12,55,33.5,80,94,76,96,850,850,1.00,0.00,4.6,1840,0.00,1.80
2026-09-26 06:25,2026-09-27 15:00,33,11,57,34.0,82,96,77,96,850,850,1.00,0.00,3.8,3860,0.00,1.80
2026-09-26 06:25,2026-09-27 16:00,34,24,62,43.0,75,98,80,97,850,850,1.00,0.00,4.1,1960,0.00,0.60
2026-09-26 06:25,2026-09-27 17:00,35,29,68,48.5,82,99,83,98,850,850,1.00,0.00,3.7,2200,0.00,0.60
2026-09-26 06:25,2026-09-27 18:00,36,35,72,53.5,91,100,86,98,850,850,0.50,0.00,3.6,4060,0.00,0.60
2026-09-26 06:25,2026-09-27 19:00,37,54,70,62.0,98,100,89,96,850,850,0.50,0.00,2.9,2840,0.00,1.60
2026-09-26 18:25,2026-09-26 19:00,1,53,95,74.0,98,100,99,100,850,850,0.00,0.00,7.9,960,6.10,6.00
2026-09-26 18:25,2026-09-27 05:00,11,22,55,38.5,94,100,76,94,850,850,0.50,0.00,2.3,1040,4.00,0.80
2026-09-26 18:25,2026-09-27 06:00,12,17,55,36.0,94,100,78,95,850,850,0.50,0.00,4.1,620,1.70,0.80
2026-09-26 18:25,2026-09-27 07:00,13,13,56,34.5,95,100,77,96,850,850,0.50,0.00,1.5,700,1.70,1.70
2026-09-26 18:25,2026-09-27 08:00,14,13,57,35.0,95,99,76,96,850,850,0.50,0.00,2.6,1600,0.60,1.70
2026-09-26 18:25,2026-09-27 09:00,15,16,58,37.0,94,99,77,96,850,850,0.50,0.00,2.5,3940,0.80,1.70
2026-09-26 18:25,2026-09-27 10:00,16,38,58,48.0,94,99,84,96,850,850,0.50,0.00,2.4,2400,0.90,2.60
2026-09-26 18:25,2026-09-27 11:00,17,50,57,53.5,96,99,93,96,850,850,0.00,0.00,2.9,2180,1.30,2.60
2026-09-26 18:25,2026-09-27 12:00,18,56,56,56.0,98,99,99,96,850,850,0.00,0.00,5.4,2860,0.90,2.60
2026-09-26 18:25,2026-09-27 13:00,19,96,56,76.0,99,99,97,95,850,850,0.00,0.00,5.8,3200,0.60,1.10
2026-09-26 18:25,2026-09-27 14:00,20,100,57,78.5,99,100,91,94,850,850,0.00,0.00,4.0,3400,0.40,1.10
2026-09-26 18:25,2026-09-27 15:00,21,100,58,79.0,99,100,87,94,850,850,0.50,0.00,4.0,4480,0.20,1.10
2026-09-26 18:25,2026-09-27 16:00,22,100,60,80.0,99,100,88,94,850,850,0.50,0.00,3.4,2460,0.40,0.70
2026-09-26 18:25,2026-09-27 17:00,23,100,63,81.5,99,100,91,95,850,850,0.00,0.00,3.6,5180,0.60,0.70
2026-09-26 18:25,2026-09-27 18:00,24,100,66,83.0,99,100,93,96,850,850,0.00,0.00,3.6,340,0.80,0.70
2026-09-26 18:25,2026-09-27 19:00,25,100,70,85.0,99,100,92,98,850,850,0.00,0.00,4.0,620,1.10,0.60
2026-09-26 18:25,2026-09-28 05:00,35,99,51,75.0,99,100,80,74,850,850,0.50,0.50,3.6,660,0.10,0.00
2026-09-26 18:25,2026-09-28 06:00,36,94,48,71.0,99,100,80,73,850,850,0.50,0.50,4.1,1020,0.00,0.00
2026-09-26 18:25,2026-09-28 07:00,37,100,40,70.0,99,99,81,76,850,850,0.50,0.50,3.8,1200,0.00,0.20
2026-09-26 18:25,2026-09-28 08:00,38,74,31,52.5,99,99,82,81,850,850,0.50,0.50,4.6,1860,0.00,0.20
2026-09-26 18:25,2026-09-28 09:00,39,21,28,24.5,95,98,83,86,850,850,0.50,0.50,3.7,4160,0.00,0.20
2026-09-26 18:25,2026-09-28 10:00,40,22,37,29.5,93,98,85,90,850,850,0.50,0.00,4.3,4340,0.00,2.80
2026-09-26 18:25,2026-09-28 11:00,41,27,53,40.0,89,98,87,94,850,850,1.00,0.00,4.4,4980,0.00,2.80
2026-09-26 18:25,2026-09-28 12:00,42,30,64,47.0,81,98,88,97,850,850,1.00,0.00,5.4,1720,0.00,2.80
2026-09-27 06:25,2026-09-27 07:00,1,25,52,38.5,97,99,90,91,850,850,0.00,0.00,2.7,3760,0.10,0.80
2026-09-27 06:25,2026-09-27 08:00,2,43,44,43.5,97,98,92,83,850,850,0.00,0.50,2.5,1100,2.70,0.80
2026-09-27 06:25,2026-09-27 09:00,3,66,39,52.5,98,98,94,79,850,850,0.00,0.50,3.9,3160,0.70,0.80
2026-09-27 06:25,2026-09-27 10:00,4,97,39,68.0,99,98,94,81,850,850,0.00,0.50,4.7,7100,1.30,0.50
2026-09-27 06:25,2026-09-27 11:00,5,58,41,49.5,99,97,94,87,850,850,0.00,0.50,6.1,4660,2.60,0.50
2026-09-27 06:25,2026-09-27 12:00,6,44,44,44.0,98,97,93,91,850,850,0.00,0.00,5.0,5100,6.70,0.50
2026-09-27 06:25,2026-09-27 13:00,7,39,49,44.0,98,97,93,91,850,850,0.00,0.00,5.5,4900,9.10,1.80
2026-09-27 06:25,2026-09-27 14:00,8,37,54,45.5,98,98,93,89,850,850,0.00,0.50,5.8,2180,8.40,1.80
2026-09-27 06:25,2026-09-27 15:00,9,34,58,46.0,97,98,92,88,850,850,0.00,0.50,5.7,3600,4.40,1.80
2026-09-27 06:25,2026-09-27 16:00,10,34,58,46.0,98,98,90,90,850,850,0.00,0.00,6.0,4240,2.30,0.80
2026-09-27 06:25,2026-09-27 17:00,11,31,56,43.5,98,99,88,93,850,850,0.50,0.00,5.0,1340,0.70,0.80
2026-09-27 06:25,2026-09-27 18:00,12,90,55,72.5,99,99,87,94,850,850,0.50,0.00,4.7,1440,0.00,0.80
2026-09-27 06:25,2026-09-27 19:00,13,100,55,77.5,99,99,87,93,850,850,0.50,0.00,4.0,420,0.50,0.50
2026-09-27 06:25,2026-09-28 05:00,23,100,64,82.0,99,99,73,94,850,850,0.50,0.00,5.2,380,0.00,1.00
2026-09-27 06:25,2026-09-28 06:00,24,100,61,80.5,99,99,70,93,850,850,0.50,0.00,4.8,3940,0.00,1.00
2026-09-27 06:25,2026-09-28 07:00,25,99,58,78.5,99,98,68,94,850,850,0.50,0.00,5.1,2880,0.10,3.20
2026-09-27 06:25,2026-09-28 08:00,26,34,54,44.0,98,97,67,95,850,850,0.50,0.00,6.2,360,0.70,3.20
2026-09-27 06:25,2026-09-28 09:00,27,19,52,35.5,96,97,69,95,850,850,0.50,0.00,6.4,2800,0.50,3.20
2026-09-27 06:25,2026-09-28 10:00,28,23,52,37.5,93,97,75,94,850,850,0.50,0.00,6.0,2460,0.00,2.80
2026-09-27 06:25,2026-09-28 11:00,29,26,54,40.0,91,98,83,91,850,850,0.50,0.00,5.7,1600,0.10,2.80
2026-09-27 06:25,2026-09-28 12:00,30,23,54,38.5,91,98,89,90,850,850,0.50,0.00,5.2,2240,0.40,2.80
2026-09-27 06:25,2026-09-28 13:00,31,35,52,43.5,94,96,90,91,850,850,0.00,0.00,3.5,2460,0.30,1.70
2026-09-27 06:25,2026-09-28 14:00,32,37,49,43.0,96,93,88,93,850,850,0.50,0.00,2.6,3240,3.80,1.70
2026-09-27 06:25,2026-09-28 15:00,33,43,48,45.5,94,92,87,94,850,850,0.50,0.00,4.3,3820,2.00,1.70
2026-09-27 06:25,2026-09-28 16:00,34,42,51,46.5,94,94,86,93,850,850,0.50,0.00,2.6,2700,4.20,1.50
2026-09-27 06:25,2026-09-28 17:00,35,41,55,48.0,94,97,84,91,850,850,0.50,0.00,4.2,3640,3.40,1.50
2026-09-27 06:25,2026-09-28 18:00,36,37,58,47.5,93,99,85,90,850,850,0.50,0.00,4.3,1840,0.70,1.50
2026-09-27 06:25,2026-09-28 19:00,37,41,58,49.5,93,99,89,91,850,850,0.50,0.00,4.3,1920,0.10,0.30
2026-09-27 18:25,2026-09-27 19:00,1,45,66,55.5,93,99,91,94,850,850,0.00,0.00,1.6,600,0.20,0.60
2026-09-27 18:25,2026-09-28 05:00,11,100,59,79.5,99,100,71,91,850,850,0.50,0.00,4.6,840,0.00,0.50
2026-09-27 18:25,2026-09-28 06:00,12,100,56,78.0,99,100,69,91,850,850,0.50,0.00,4.8,1980,0.00,0.50
2026-09-27 18:25,2026-09-28 07:00,13,91,54,72.5,99,99,68,90,850,850,0.50,0.00,5.4,1320,0.00,0.50
2026-09-27 18:25,2026-09-28 08:00,14,24,52,38.0,97,96,68,89,850,850,0.50,0.50,6.8,1660,0.00,0.50
2026-09-27 18:25,2026-09-28 09:00,15,13,52,32.5,96,95,69,89,850,850,0.50,0.50,6.2,2160,0.10,0.50
2026-09-27 18:25,2026-09-28 10:00,16,8,54,31.0,94,95,71,91,850,850,0.50,0.00,4.1,3980,0.30,2.70
2026-09-27 18:25,2026-09-28 11:00,17,13,57,35.0,92,95,73,94,850,850,0.50,0.00,4.3,2360,0.00,2.70
2026-09-27 18:25,2026-09-28 12:00,18,35,58,46.5,88,95,75,96,850,850,1.00,0.00,4.4,2080,0.10,2.70
2026-09-27 18:25,2026-09-28 13:00,19,44,55,49.5,93,96,75,94,850,850,0.50,0.00,4.2,2620,0.70,1.40
2026-09-27 18:25,2026-09-28 14:00,20,29,50,39.5,92,97,73,91,850,850,0.50,0.00,3.3,3700,0.50,1.40
2026-09-27 18:25,2026-09-28 15:00,21,33,48,40.5,92,98,73,89,850,850,0.50,0.50,2.8,5920,0.00,1.40
2026-09-27 18:25,2026-09-28 16:00,22,41,51,46.0,92,97,75,90,850,850,0.50,0.00,2.2,8120,0.00,0.30
2026-09-27 18:25,2026-09-28 17:00,23,41,57,49.0,92,96,77,92,850,850,0.50,0.00,1.8,18640,0.00,0.30
2026-09-27 18:25,2026-09-28 18:00,24,38,60,49.0,92,96,79,93,850,850,0.50,0.00,2.4,13100,0.00,0.30
2026-09-27 18:25,2026-09-28 19:00,25,44,55,49.5,92,97,79,93,850,850,0.50,0.00,3.8,9420,0.00,0.30
2026-09-27 18:25,2026-09-29 05:00,35,39,73,56.0,98,100,94,97,850,850,0.00,0.00,3.7,680,2.80,0.50
2026-09-27 18:25,2026-09-29 06:00,36,56,76,66.0,97,100,94,97,850,850,0.00,0.00,3.9,780,1.30,0.50
2026-09-27 18:25,2026-09-29 07:00,37,50,76,63.0,97,100,94,98,850,850,0.00,0.00,3.1,1220,1.10,0.50
2026-09-27 18:25,2026-09-29 08:00,38,54,73,63.5,98,99,95,99,850,850,0.00,0.00,4.1,5580,3.00,0.50
2026-09-27 18:25,2026-09-29 09:00,39,51,67,59.0,98,99,95,98,850,850,0.00,0.00,5.6,3260,2.60,0.50
2026-09-27 18:25,2026-09-29 10:00,40,50,54,52.0,98,99,95,94,850,850,0.00,0.00,6.6,1500,3.30,0.90
2026-09-27 18:25,2026-09-29 11:00,41,52,39,45.5,98,99,96,89,850,850,0.00,0.50,7.2,5460,2.30,0.90
2026-09-27 18:25,2026-09-29 12:00,42,43,28,35.5,98,98,96,86,850,850,0.00,0.50,6.4,19980,0.30,0.90
2026-09-28 06:25,2026-09-28 07:00,1,100,57,78.5,99,99,93,87,850,850,0.00,0.50,4.3,160,1.90,0.30
2026-09-28 06:25,2026-09-28 08:00,2,67,52,59.5,99,98,93,91,850,850,0.00,0.00,4.9,720,2.50,0.30
2026-09-28 06:25,2026-09-28 09:00,3,37,48,42.5,98,97,92,94,850,850,0.00,0.00,4.1,2540,6.40,0.30
2026-09-28 06:25,2026-09-28 10:00,4,37,47,42.0,96,96,91,95,850,850,0.00,0.00,4.6,3540,4.50,1.60
2026-09-28 06:25,2026-09-28 11:00,5,34,47,40.5,93,96,89,95,850,850,0.50,0.00,5.1,4900,0.40,1.60
2026-09-28 06:25,2026-09-28 12:00,6,29,47,38.0,89,96,88,94,850,850,1.00,0.00,4.7,2540,0.10,1.60
2026-09-28 06:25,2026-09-28 13:00,7,25,45,35.0,83,97,87,92,850,850,1.00,0.00,5.0,960,0.10,2.50
2026-09-28 06:25,2026-09-28 14:00,8,23,42,32.5,87,98,86,90,850,850,1.00,0.00,4.7,1380,0.10,2.50
2026-09-28 06:25,2026-09-28 15:00,9,28,41,34.5,89,99,85,89,850,850,1.00,0.50,3.8,1100,0.10,2.50
2026-09-28 06:25,2026-09-28 16:00,10,34,43,38.5,87,99,86,90,850,850,1.00,0.00,2.4,2500,0.00,0.30
2026-09-28 06:25,2026-09-28 17:00,11,32,46,39.0,92,99,87,92,850,850,0.50,0.00,3.3,1480,0.10,0.30
2026-09-28 06:25,2026-09-28 18:00,12,25,49,37.0,93,99,88,92,850,850,0.50,0.00,3.7,3520,0.00,0.30
2026-09-28 06:25,2026-09-28 19:00,13,22,50,36.0,94,99,88,88,850,850,0.50,0.50,3.4,7580,0.00,0.10
2026-09-28 06:25,2026-09-29 05:00,23,45,62,53.5,97,100,97,97,850,850,0.00,0.00,4.0,1380,0.10,0.70
2026-09-28 06:25,2026-09-29 06:00,24,50,59,54.5,97,100,99,96,850,850,0.00,0.00,6.9,1380,0.20,0.70
2026-09-28 06:25,2026-09-29 07:00,25,50,58,54.0,93,100,99,94,850,850,0.00,0.00,8.3,720,0.20,2.30
2026-09-28 06:25,2026-09-29 08:00,26,46,57,51.5,94,99,98,91,850,850,0.00,0.00,8.0,900,1.90,2.30
2026-09-28 06:25,2026-09-29 09:00,27,48,55,51.5,93,99,98,87,850,850,0.00,0.50,6.5,4700,2.60,2.30
2026-09-28 06:25,2026-09-29 10:00,28,54,50,52.0,94,98,99,80,850,850,0.00,0.50,4.3,12980,2.40,0.20
2026-09-28 06:25,2026-09-29 11:00,29,61,44,52.5,95,97,100,71,850,850,0.00,0.50,4.9,12500,2.20,0.20
2026-09-28 06:25,2026-09-29 12:00,30,56,39,47.5,95,97,99,66,850,850,0.00,0.50,4.6,4900,4.00,0.20
2026-09-28 06:25,2026-09-29 13:00,31,55,34,44.5,94,97,93,67,850,850,0.00,0.50,4.2,2580,0.50,0.30
2026-09-28 06:25,2026-09-29 14:00,32,61,31,46.0,95,97,85,70,850,850,0.50,0.50,3.1,2660,0.90,0.30
2026-09-28 06:25,2026-09-29 15:00,33,69,32,50.5,94,98,81,74,850,850,0.50,0.50,2.5,3060,1.30,0.30
2026-09-28 06:25,2026-09-29 16:00,34,59,43,51.0,96,99,83,77,850,850,0.50,0.50,4.2,940,2.40,0.10
2026-09-28 06:25,2026-09-29 17:00,35,55,60,57.5,95,99,89,80,850,850,0.50,0.50,5.1,560,2.10,0.10
2026-09-28 06:25,2026-09-29 18:00,36,56,71,63.5,95,100,93,80,850,850,0.00,0.50,5.6,500,1.00,0.10
2026-09-28 06:25,2026-09-29 19:00,37,60,72,66.0,95,100,94,75,850,850,0.00,0.50,5.6,280,0.80,0.00
2026-09-28 18:25,2026-09-28 19:00,1,36,38,37.0,96,99,90,89,850,850,0.00,0.50,4.1,4640,1.30,0.30
2026-09-28 18:25,2026-09-29 05:00,11,39,62,50.5,96,100,95,96,850,850,0.00,0.00,4.3,520,1.30,0.10
2026-09-28 18:25,2026-09-29 06:00,12,37,66,51.5,96,100,95,97,850,850,0.00,0.00,5.4,580,0.60,0.10
2026-09-28 18:25,2026-09-29 07:00,13,43,66,54.5,95,100,94,98,850,850,0.00,0.00,6.1,620,0.60,0.70
2026-09-28 18:25,2026-09-29 08:00,14,50,65,57.5,94,100,92,98,850,850,0.00,0.00,5.4,3920,0.80,0.70
2026-09-28 18:25,2026-09-29 09:00,15,58,61,59.5,94,100,89,97,850,850,0.50,0.00,4.0,5500,1.40,0.70
2026-09-28 18:25,2026-09-29 10:00,16,42,55,48.5,94,99,85,94,850,850,0.50,0.00,3.5,5180,2.30,1.00
2026-09-28 18:25,2026-09-29 11:00,17,30,47,38.5,92,99,79,90,850,850,0.50,0.00,2.5,1780,1.50,1.00
2026-09-28 18:25,2026-09-29 12:00,18,18,41,29.5,89,98,73,84,850,850,1.00,0.50,1.9,3640,0.80,1.00
2026-09-28 18:25,2026-09-29 13:00,19,2,38,20.0,88,97,64,76,850,850,1.00,0.50,0.8,5640,0.10,0.50
2026-09-28 18:25,2026-09-29 14:00,20,2,37,19.5,85,96,55,66,850,850,1.00,0.50,1.0,7720,0.00,0.50
2026-09-28 18:25,2026-09-29 15:00,21,14,38,26.0,80,96,49,60,850,850,1.00,0.50,1.4,30660,0.00,0.50
2026-09-28 18:25,2026-09-29 16:00,22,28,43,35.5,80,97,51,59,850,850,1.00,0.50,2.3,30680,0.00,0.00
2026-09-28 18:25,2026-09-29 17:00,23,27,49,38.0,83,98,58,62,850,850,1.00,0.50,2.6,30660,0.00,0.00
2026-09-28 18:25,2026-09-29 18:00,24,7,52,29.5,93,99,62,64,850,850,0.50,0.50,2.9,22800,0.00,0.00
2026-09-28 18:25,2026-09-29 19:00,25,1,48,24.5,94,100,60,65,850,850,0.50,0.50,4.1,720,0.00,0.00
2026-09-28 18:25,2026-09-30 05:00,35,0,26,13.0,84,98,49,55,850,850,1.00,0.50,7.3,300,0.00,0.00
2026-09-28 18:25,2026-09-30 06:00,36,0,22,11.0,81,97,43,53,850,850,1.00,0.50,7.1,480,0.00,0.00
2026-09-28 18:25,2026-09-30 07:00,37,0,15,7.5,78,92,42,53,850,850,1.00,0.50,4.8,740,0.00,0.00
2026-09-28 18:25,2026-09-30 08:00,38,1,6,3.5,81,85,42,54,850,850,1.00,1.00,1.5,2760,0.00,0.00
2026-09-28 18:25,2026-09-30 09:00,39,0,0,0.0,73,77,45,57,850,850,1.00,1.00,2.7,43220,0.00,0.00
2026-09-28 18:25,2026-09-30 10:00,40,3,0,1.5,66,69,50,63,850,850,1.00,1.00,4.1,23300,0.00,0.00
2026-09-28 18:25,2026-09-30 11:00,41,3,0,1.5,60,60,56,70,850,850,1.00,1.00,4.8,14920,0.00,0.00
2026-09-28 18:25,2026-09-30 12:00,42,2,0,1.0,55,54,61,76,850,850,1.00,1.00,5.1,50500,0.00,0.00
2026-09-29 06:25,2026-09-29 07:00,1,53,73,63.0,96,100,99,98,850,850,0.00,0.00,4.0,540,0.00,1.20
2026-09-29 06:25,2026-09-29 08:00,2,51,79,65.0,96,100,100,99,850,850,0.00,0.00,4.8,620,0.50,1.20
2026-09-29 06:25,2026-09-29 09:00,3,55,81,68.0,94,100,99,99,850,850,0.00,0.00,5.9,2980,1.80,1.20
2026-09-29 06:25,2026-09-29 10:00,4,50,75,62.5,93,100,95,98,850,850,0.00,0.00,7.2,3920,1.80,0.90
2026-09-29 06:25,2026-09-29 11:00,5,56,65,60.5,92,99,90,97,850,850,0.00,0.00,4.3,860,1.30,0.90
2026-09-29 06:25,2026-09-29 12:00,6,60,57,58.5,93,99,83,96,850,850,0.50,0.00,3.0,3820,1.50,0.90
2026-09-29 06:25,2026-09-29 13:00,7,44,55,49.5,93,99,74,95,850,850,0.50,0.00,1.5,4460,6.20,1.00
2026-09-29 06:25,2026-09-29 14:00,8,19,55,37.0,93,100,63,93,850,850,0.50,0.00,2.8,3460,3.40,1.00
2026-09-29 06:25,2026-09-29 15:00,9,13,57,35.0,94,100,56,91,850,850,0.50,0.00,3.7,3600,1.60,1.00
2026-09-29 06:25,2026-09-29 16:00,10,5,60,32.5,95,100,54,89,850,850,0.50,0.50,3.4,580,0.70,0.30
2026-09-29 06:25,2026-09-29 17:00,11,2,65,33.5,95,100,56,86,850,850,0.50,0.50,3.4,600,0.20,0.30
2026-09-29 06:25,2026-09-29 18:00,12,0,66,33.0,96,100,57,84,850,850,0.50,0.50,4.3,620,0.00,0.30
2026-09-29 06:25,2026-09-29 19:00,13,0,61,30.5,95,100,57,82,850,850,0.50,0.50,4.7,240,0.00,0.00
2026-09-29 06:25,2026-09-30 05:00,23,0,45,22.5,90,100,63,69,850,850,0.50,0.50,6.1,240,0.00,0.00
2026-09-29 06:25,2026-09-30 06:00,24,0,39,19.5,87,99,60,66,850,850,1.00,0.50,5.8,220,0.00,0.00
2026-09-29 06:25,2026-09-30 07:00,25,0,27,13.5,85,96,57,60,850,850,1.00,0.50,4.0,200,0.00,0.00
2026-09-29 06:25,2026-09-30 08:00,26,0,11,5.5,88,92,54,54,850,850,1.00,0.50,1.4,300,0.00,0.00
2026-09-29 06:25,2026-09-30 09:00,27,0,0,0.0,77,85,53,50,850,850,1.00,1.00,0.8,1140,0.00,0.00
2026-09-29 06:25,2026-09-30 10:00,28,1,0,0.5,65,72,55,51,850,850,1.00,1.00,0.5,5440,0.00,0.00
2026-09-29 06:25,2026-09-30 11:00,29,6,0,3.0,58,56,60,55,850,850,1.00,1.00,1.5,13000,0.00,0.00
2026-09-29 06:25,2026-09-30 12:00,30,9,0,4.5,59,46,64,60,850,850,1.00,1.00,3.6,18580,0.00,0.00
2026-09-29 06:25,2026-09-30 13:00,31,18,0,9.0,61,47,68,65,850,850,1.00,1.00,4.6,54360,0.00,0.00
2026-09-29 06:25,2026-09-30 14:00,32,23,0,11.5,62,55,73,71,850,850,1.00,1.00,5.7,54400,0.00,0.00
2026-09-29 06:25,2026-09-30 15:00,33,33,0,16.5,63,64,77,77,850,850,1.00,1.00,5.1,8740,0.00,0.00
2026-09-29 06:25,2026-09-30 16:00,34,42,13,27.5,67,76,81,84,850,850,1.00,1.00,5.8,5220,0.00,0.30
2026-09-29 06:25,2026-09-30 17:00,35,46,32,39.0,81,90,85,91,850,850,1.00,0.00,4.9,5660,0.00,0.30
2026-09-29 06:25,2026-09-30 18:00,36,50,44,47.0,89,100,87,93,850,850,1.00,0.00,4.5,660,0.00,0.30
2026-09-29 06:25,2026-09-30 19:00,37,48,44,46.0,96,100,85,89,850,850,0.50,0.50,3.9,240,0.00,0.00
2026-09-29 18:25,2026-09-29 19:00,1,45,69,57.0,97,100,99,90,850,850,0.00,0.00,3.1,1220,0.70,0.20
2026-09-29 18:25,2026-09-30 05:00,11,42,14,28.0,96,96,95,81,850,850,0.00,0.50,4.0,1140,0.00,0.00
2026-09-29 18:25,2026-09-30 06:00,12,37,0,18.5,95,94,91,74,850,850,0.00,0.50,4.7,1460,0.00,0.00
2026-09-29 18:25,2026-09-30 07:00,13,19,0,9.5,93,93,82,64,850,850,0.50,0.50,3.7,1980,0.00,0.00
2026-09-29 18:25,2026-09-30 08:00,14,7,2,4.5,90,92,69,53,850,850,0.50,0.50,2.6,22480,0.00,0.00
2026-09-29 18:25,2026-09-30 09:00,15,2,5,3.5,79,88,60,47,850,850,1.00,1.00,1.6,38500,0.00,0.00
2026-09-29 18:25,2026-09-30 10:00,16,2,4,3.0,63,77,55,51,850,850,1.00,1.00,1.6,43340,0.00,0.00
2026-09-29 18:25,2026-09-30 11:00,17,5,2,3.5,54,62,52,61,850,850,1.00,1.00,1.3,50500,0.00,0.00
2026-09-29 18:25,2026-09-30 12:00,18,8,0,4.0,50,52,54,69,850,850,1.00,1.00,1.1,50540,0.00,0.00
2026-09-29 18:25,2026-09-30 13:00,19,18,0,9.0,54,48,63,72,850,850,1.00,1.00,4.4,50620,0.00,0.00
2026-09-29 18:25,2026-09-30 14:00,20,27,0,13.5,58,48,75,74,850,850,1.00,1.00,5.9,50680,0.00,0.00
2026-09-29 18:25,2026-09-30 15:00,21,18,0,9.0,57,53,85,76,850,850,1.00,1.00,5.9,50700,0.00,0.00
2026-09-29 18:25,2026-09-30 16:00,22,16,4,10.0,69,66,90,79,850,850,0.15,1.00,5.8,47360,0.00,0.00
2026-09-29 18:25,2026-09-30 17:00,23,24,9,16.5,79,84,91,83,850,850,0.15,1.00,4.7,43480,0.00,0.00
2026-09-29 18:25,2026-09-30 18:00,24,59,17,38.0,88,97,89,84,850,850,1.00,0.50,3.6,9640,0.00,0.00
2026-09-29 18:25,2026-09-30 19:00,25,74,28,51.0,96,100,82,83,850,850,0.50,0.50,4.1,340,0.00,0.30
2026-09-29 18:25,2026-10-01 05:00,35,0,0,0.0,80,94,32,39,850,850,1.00,0.50,5.2,1000,0.00,0.00
2026-09-29 18:25,2026-10-01 06:00,36,0,0,0.0,74,90,28,37,850,850,1.00,0.50,5.7,1340,0.00,0.00
2026-09-29 18:25,2026-10-01 07:00,37,0,0,0.0,66,83,22,34,850,850,1.00,1.00,6.5,2080,0.00,0.00
2026-09-29 18:25,2026-10-01 08:00,38,0,0,0.0,59,75,16,32,850,850,1.00,1.00,7.0,4040,0.00,0.00
2026-09-29 18:25,2026-10-01 09:00,39,0,0,0.0,54,67,15,34,850,850,1.00,1.00,7.0,7500,0.00,0.00
2026-09-29 18:25,2026-10-01 10:00,40,0,0,0.0,50,60,24,44,850,850,1.00,1.00,6.6,7900,0.00,0.00
2026-09-29 18:25,2026-10-01 11:00,41,0,0,0.0,49,54,39,58,850,850,1.00,1.00,7.2,8340,0.00,0.00
2026-09-29 18:25,2026-10-01 12:00,42,0,0,0.0,47,50,51,68,850,850,1.00,1.00,7.4,9680,0.00,0.00
2026-09-30 06:25,2026-09-30 07:00,1,30,15,22.5,96,94,91,61,850,850,0.00,0.50,3.4,320,0.00,0.00
2026-09-30 06:25,2026-09-30 08:00,2,28,8,18.0,86,88,89,51,850,850,1.00,1.00,2.1,740,0.00,0.00
2026-09-30 06:25,2026-09-30 09:00,3,21,3,12.0,75,79,84,45,850,850,1.00,1.00,4.0,2840,0.00,0.00
2026-09-30 06:25,2026-09-30 10:00,4,12,1,6.5,65,67,74,47,850,850,1.00,1.00,3.3,10260,0.00,0.00
2026-09-30 06:25,2026-09-30 11:00,5,6,0,3.0,56,53,60,54,850,850,1.00,1.00,2.6,18820,0.00,0.00
2026-09-30 06:25,2026-09-30 12:00,6,2,0,1.0,50,44,52,60,850,850,1.00,1.00,2.2,54300,0.00,0.00
2026-09-30 06:25,2026-09-30 13:00,7,2,0,1.0,45,42,51,63,850,850,1.00,1.00,1.8,60500,0.00,0.00
2026-09-30 06:25,2026-09-30 14:00,8,4,0,2.0,45,46,55,64,850,850,1.00,1.00,0.8,54400,0.00,0.00
2026-09-30 06:25,2026-09-30 15:00,9,17,0,8.5,53,53,62,66,850,850,1.00,1.00,4.7,50600,0.00,0.00
2026-09-30 06:25,2026-09-30 16:00,10,32,2,17.0,63,67,74,70,850,850,1.00,1.00,5.4,7480,0.00,0.10
2026-09-30 06:25,2026-09-30 17:00,11,46,5,25.5,74,85,89,74,850,850,1.00,1.00,4.7,3780,0.00,0.10
2026-09-30 06:25,2026-09-30 18:00,12,61,9,35.0,85,98,98,74,850,850,0.15,0.50,4.0,5300,0.00,0.10
2026-09-30 06:25,2026-09-30 19:00,13,64,16,40.0,94,100,95,68,850,850,0.00,0.50,3.7,220,0.00,0.00
2026-09-30 06:25,2026-10-01 05:00,23,0,0,0.0,64,82,19,29,850,850,1.00,1.00,6.7,47240,0.00,0.00
2026-09-30 06:25,2026-10-01 06:00,24,0,0,0.0,62,77,16,25,850,850,1.00,1.00,6.6,43420,0.00,0.00
2026-09-30 06:25,2026-10-01 07:00,25,0,0,0.0,64,70,15,22,850,850,1.00,1.00,6.3,43400,0.00,0.00
2026-09-30 06:25,2026-10-01 08:00,26,0,0,0.0,62,63,16,20,850,850,1.00,1.00,5.4,47180,0.00,0.00
2026-09-30 06:25,2026-10-01 09:00,27,0,0,0.0,56,57,22,23,850,850,1.00,1.00,4.4,50460,0.00,0.00
2026-09-30 06:25,2026-10-01 10:00,28,0,0,0.0,50,53,35,34,850,850,1.00,1.00,4.8,54240,0.00,0.00
2026-09-30 06:25,2026-10-01 11:00,29,0,0,0.0,51,51,52,50,850,850,1.00,1.00,5.8,54260,0.00,0.00
2026-09-30 06:25,2026-10-01 12:00,30,2,0,1.0,51,50,66,63,850,850,1.00,1.00,5.4,38020,0.00,0.00
2026-09-30 06:25,2026-10-01 13:00,31,6,0,3.0,58,51,73,68,850,850,1.00,1.00,6.9,17640,0.00,0.00
2026-09-30 06:25,2026-10-01 14:00,32,3,0,1.5,60,55,77,70,850,850,1.00,1.00,7.0,12840,0.00,0.00
2026-09-30 06:25,2026-10-01 15:00,33,9,0,4.5,64,60,78,71,850,850,1.00,1.00,6.3,9640,0.00,0.00
2026-09-30 06:25,2026-10-01 16:00,34,1,0,0.5,67,69,74,73,850,850,1.00,1.00,6.8,8780,0.00,0.00
2026-09-30 06:25,2026-10-01 17:00,35,0,0,0.0,69,80,68,74,850,850,1.00,1.00,5.5,8700,0.00,0.00
2026-09-30 06:25,2026-10-01 18:00,36,0,0,0.0,75,89,63,76,850,850,1.00,1.00,5.7,8980,0.00,0.00
2026-09-30 06:25,2026-10-01 19:00,37,0,3,1.5,81,93,62,79,850,850,1.00,0.50,5.7,10700,0.00,0.00
2026-09-30 18:25,2026-09-30 19:00,1,36,35,35.5,91,100,98,89,850,850,0.00,0.50,2.1,180,0.00,0.00
2026-09-30 18:25,2026-10-01 05:00,11,0,16,8.0,68,93,37,28,850,850,1.00,0.50,5.2,820,0.00,0.00
2026-09-30 18:25,2026-10-01 06:00,12,0,0,0.0,71,87,35,27,850,850,1.00,1.00,6.2,840,0.00,0.00
2026-09-30 18:25,2026-10-01 07:00,13,0,0,0.0,66,79,29,25,850,850,1.00,1.00,6.6,1080,0.00,0.00
2026-09-30 18:25,2026-10-01 08:00,14,0,0,0.0,59,69,22,24,850,850,1.00,1.00,7.0,2880,0.00,0.00
2026-09-30 18:25,2026-10-01 09:00,15,0,0,0.0,55,61,21,26,850,850,1.00,1.00,6.4,7380,0.00,0.00
2026-09-30 18:25,2026-10-01 10:00,16,0,0,0.0,54,56,31,36,850,850,1.00,1.00,6.0,4980,0.00,0.00
2026-09-30 18:25,2026-10-01 11:00,17,0,0,0.0,50,53,48,49,850,850,1.00,1.00,5.9,4340,0.00,0.00
2026-09-30 18:25,2026-10-01 12:00,18,0,0,0.0,49,52,60,60,850,850,1.00,1.00,6.5,5040,0.00,0.00
2026-09-30 18:25,2026-10-01 13:00,19,0,0,0.0,49,53,64,66,850,850,1.00,1.00,5.9,7380,0.00,0.00
2026-09-30 18:25,2026-10-01 14:00,20,0,0,0.0,53,56,65,70,850,850,1.00,1.00,6.5,14180,0.00,0.00
2026-09-30 18:25,2026-10-01 15:00,21,0,0,0.0,55,61,65,73,850,850,1.00,1.00,6.5,14740,0.00,0.00
2026-09-30 18:25,2026-10-01 16:00,22,6,5,5.5,66,70,66,77,850,850,1.00,1.00,6.3,11900,0.00,0.00
2026-09-30 18:25,2026-10-01 17:00,23,3,13,8.0,72,81,65,82,850,850,1.00,1.00,4.9,10880,0.00,0.00
2026-09-30 18:25,2026-10-01 18:00,24,0,18,9.0,78,89,65,85,850,850,1.00,1.00,4.3,10460,0.00,0.00
2026-09-30 18:25,2026-10-01 19:00,25,0,19,9.5,83,93,64,86,850,850,1.00,0.50,4.0,10740,0.00,0.00
2026-09-30 18:25,2026-10-02 05:00,35,0,41,20.5,72,100,17,42,850,850,1.00,0.50,7.9,280,0.00,0.00
2026-09-30 18:25,2026-10-02 06:00,36,0,38,19.0,69,98,6,33,850,850,1.00,0.50,8.0,280,0.00,0.00
2026-09-30 18:25,2026-10-02 07:00,37,0,27,13.5,68,90,2,24,850,850,1.00,0.50,8.3,480,0.00,0.00
2026-09-30 18:25,2026-10-02 08:00,38,0,11,5.5,61,78,3,17,850,850,1.00,1.00,8.7,5620,0.00,0.00
2026-09-30 18:25,2026-10-02 09:00,39,0,0,0.0,53,67,6,15,850,850,1.00,1.00,7.6,23400,0.00,0.00
2026-09-30 18:25,2026-10-02 10:00,40,0,0,0.0,46,57,13,23,850,850,1.00,1.00,6.5,50320,0.00,0.00
2026-09-30 18:25,2026-10-02 11:00,41,0,0,0.0,41,47,22,35,850,850,1.00,1.00,5.8,54140,0.00,0.00
2026-09-30 18:25,2026-10-02 12:00,42,0,0,0.0,37,40,28,43,850,850,1.00,1.00,5.4,60340,0.00,0.00
2026-10-01 06:25,2026-10-01 07:00,1,0,0,0.0,64,83,16,22,850,850,1.00,1.00,7.2,2800,0.00,0.00
2026-10-01 06:25,2026-10-01 08:00,2,0,0,0.0,60,72,17,19,850,850,1.00,1.00,8.3,43380,0.00,0.00
2026-10-01 06:25,2026-10-01 09:00,3,0,0,0.0,58,63,21,21,850,850,1.00,1.00,8.2,50460,0.00,0.00
2026-10-01 06:25,2026-10-01 10:00,4,0,0,0.0,53,58,30,35,850,850,1.00,1.00,7.0,33540,0.00,0.00
2026-10-01 06:25,2026-10-01 11:00,5,0,0,0.0,50,54,42,54,850,850,1.00,1.00,5.8,35500,0.00,0.00
2026-10-01 06:25,2026-10-01 12:00,6,0,0,0.0,50,52,51,68,850,850,1.00,1.00,4.3,50560,0.00,0.00
2026-10-01 06:25,2026-10-01 13:00,7,0,0,0.0,50,50,56,71,850,850,1.00,1.00,4.0,50600,0.00,0.00
2026-10-01 06:25,2026-10-01 14:00,8,1,0,0.5,49,50,58,68,850,850,1.00,1.00,4.3,54420,0.00,0.00
2026-10-01 06:25,2026-10-01 15:00,9,1,0,0.5,51,53,59,65,850,850,1.00,1.00,4.7,50640,0.00,0.00
2026-10-01 06:25,2026-10-01 16:00,10,0,0,0.0,56,62,57,64,850,850,1.00,1.00,5.4,50600,0.00,0.00
2026-10-01 06:25,2026-10-01 17:00,11,0,0,0.0,62,73,53,63,850,850,1.00,1.00,5.0,47260,0.00,0.00
2026-10-01 06:25,2026-10-01 18:00,12,0,0,0.0,73,83,52,65,850,850,1.00,1.00,4.2,43440,0.00,0.00
2026-10-01 06:25,2026-10-01 19:00,13,0,6,3.0,79,89,55,71,850,850,1.00,1.00,4.8,35200,0.00,0.00
2026-10-01 06:25,2026-10-02 05:00,23,0,40,20.0,78,100,25,53,850,850,1.00,0.50,8.3,260,0.00,0.00
2026-10-01 06:25,2026-10-02 06:00,24,0,31,15.5,76,97,15,49,850,850,1.00,0.50,9.0,340,0.00,0.00
2026-10-01 06:25,2026-10-02 07:00,25,0,20,10.0,70,90,9,42,850,850,1.00,0.50,9.0,1140,0.00,0.00
2026-10-01 06:25,2026-10-02 08:00,26,0,9,4.5,64,79,7,35,850,850,1.00,1.00,8.3,13600,0.00,0.00
2026-10-01 06:25,2026-10-02 09:00,27,0,0,0.0,57,69,8,33,850,850,1.00,1.00,6.5,15580,0.00,0.00
2026-10-01 06:25,2026-10-02 10:00,28,0,0,0.0,50,60,16,41,850,850,1.00,1.00,6.2,20040,0.00,0.00
2026-10-01 06:25,2026-10-02 11:00,29,0,0,0.0,45,50,29,54,850,850,1.00,1.00,5.8,20360,0.00,0.00
2026-10-01 06:25,2026-10-02 12:00,30,0,0,0.0,41,44,36,62,850,850,1.00,1.00,5.8,54160,0.00,0.00
2026-10-01 06:25,2026-10-02 13:00,31,0,0,0.0,37,41,33,61,850,850,1.00,1.00,5.8,54220,0.00,0.00
2026-10-01 06:25,2026-10-02 14:00,32,0,0,0.0,36,40,26,55,850,850,1.00,1.00,6.1,54260,0.00,0.00
2026-10-01 06:25,2026-10-02 15:00,33,0,0,0.0,35,44,21,50,850,850,1.00,1.00,6.5,54240,0.00,0.00
2026-10-01 06:25,2026-10-02 16:00,34,0,0,0.0,34,55,23,49,850,850,1.00,1.00,6.9,54220,0.00,0.00
2026-10-01 06:25,2026-10-02 17:00,35,0,0,0.0,46,71,28,48,850,850,1.00,1.00,6.6,47120,0.00,0.00
2026-10-01 06:25,2026-10-02 18:00,36,0,0,0.0,55,82,34,49,850,850,1.00,1.00,5.9,38520,0.00,0.00
2026-10-01 06:25,2026-10-02 19:00,37,0,0,0.0,59,85,41,52,850,850,1.00,1.00,5.5,38440,0.00,0.00
2026-10-01 18:25,2026-10-01 19:00,1,0,1,0.5,80,89,47,68,850,850,1.00,1.00,3.6,35220,0.00,0.00
2026-10-01 18:25,2026-10-02 05:00,11,0,41,20.5,85,100,54,63,850,850,1.00,0.50,9.1,240,0.00,0.00
2026-10-01 18:25,2026-10-02 06:00,12,0,36,18.0,85,98,51,58,850,850,1.00,0.50,9.0,260,0.00,0.00
2026-10-01 18:25,2026-10-02 07:00,13,0,25,12.5,82,92,45,51,850,850,1.00,0.50,9.0,440,0.00,0.00
2026-10-01 18:25,2026-10-02 08:00,14,0,10,5.0,75,84,39,44,850,850,1.00,1.00,8.3,5120,0.00,0.00
2026-10-01 18:25,2026-10-02 09:00,15,0,0,0.0,67,75,36,42,850,850,1.00,1.00,6.9,9540,0.00,0.00
2026-10-01 18:25,2026-10-02 10:00,16,0,0,0.0,60,65,41,49,850,850,1.00,1.00,6.5,14980,0.00,0.00
2026-10-01 18:25,2026-10-02 11:00,17,0,0,0.0,55,55,49,60,850,850,1.00,1.00,6.2,21040,0.00,0.00
2026-10-01 18:25,2026-10-02 12:00,18,0,0,0.0,49,47,52,67,850,850,1.00,1.00,5.8,54180,0.00,0.00
2026-10-01 18:25,2026-10-02 13:00,19,0,0,0.0,45,43,45,63,850,850,1.00,1.00,6.1,54220,0.00,0.00
2026-10-01 18:25,2026-10-02 14:00,20,0,0,0.0,43,41,34,54,850,850,1.00,1.00,6.1,54240,0.00,0.00
2026-10-01 18:25,2026-10-02 15:00,21,0,0,0.0,41,44,26,47,850,850,1.00,1.00,6.5,54220,0.00,0.00
2026-10-01 18:25,2026-10-02 16:00,22,0,0,0.0,39,54,26,45,850,850,1.00,1.00,7.2,54200,0.00,0.00
2026-10-01 18:25,2026-10-02 17:00,23,0,0,0.0,47,68,31,46,850,850,1.00,1.00,6.6,47080,0.00,0.00
2026-10-01 18:25,2026-10-02 18:00,24,0,0,0.0,56,79,36,47,850,850,1.00,1.00,6.6,43260,0.00,0.00
2026-10-01 18:25,2026-10-02 19:00,25,0,0,0.0,59,82,43,50,850,850,1.00,1.00,6.5,43200,0.00,0.00
2026-10-01 18:25,2026-10-03 05:00,35,0,4,2.0,72,86,30,33,850,850,1.00,1.00,5.5,43260,0.00,0.00
2026-10-01 18:25,2026-10-03 06:00,36,0,0,0.0,71,80,29,36,850,850,1.00,1.00,5.2,43240,0.00,0.00
2026-10-01 18:25,2026-10-03 07:00,37,0,0,0.0,70,71,29,37,850,850,1.00,1.00,4.1,43180,0.00,0.00
2026-10-01 18:25,2026-10-03 08:00,38,0,0,0.0,59,60,30,37,850,850,1.00,1.00,3.7,46900,0.00,0.00
2026-10-01 18:25,2026-10-03 09:00,39,0,0,0.0,47,51,31,40,850,850,1.00,1.00,2.5,53980,0.00,0.00
2026-10-01 18:25,2026-10-03 10:00,40,0,0,0.0,41,47,32,47,850,850,1.00,1.00,2.2,53960,0.00,0.00
2026-10-01 18:25,2026-10-03 11:00,41,0,0,0.0,38,45,33,56,850,850,1.00,1.00,2.2,54040,0.00,0.00
2026-10-01 18:25,2026-10-03 12:00,42,0,0,0.0,35,45,34,63,850,850,1.00,1.00,2.6,54020,0.00,0.00
2026-10-02 06:25,2026-10-02 07:00,1,6,12,9.0,89,90,59,48,850,850,1.00,0.50,9.1,2000,0.00,0.00
2026-10-02 06:25,2026-10-02 08:00,2,0,5,2.5,81,82,56,46,850,850,1.00,1.00,7.6,14640,0.00,0.00
2026-10-02 06:25,2026-10-02 09:00,3,2,0,1.0,72,74,55,46,850,850,1.00,1.00,6.1,24900,0.00,0.00
2026-10-02 06:25,2026-10-02 10:00,4,6,0,3.0,64,64,59,50,850,850,1.00,1.00,5.4,47020,0.00,0.00
2026-10-02 06:25,2026-10-02 11:00,5,7,0,3.5,59,53,64,57,850,850,1.00,1.00,5.0,50320,0.00,0.00
2026-10-02 06:25,2026-10-02 12:00,6,4,0,2.0,54,45,65,60,850,850,1.00,1.00,5.4,54160,0.00,0.00
2026-10-02 06:25,2026-10-02 13:00,7,1,0,0.5,50,39,57,56,850,850,1.00,1.00,6.1,54200,0.00,0.00
2026-10-02 06:25,2026-10-02 14:00,8,0,0,0.0,47,36,43,49,850,850,1.00,1.00,6.5,54200,0.00,0.00
2026-10-02 06:25,2026-10-02 15:00,9,0,0,0.0,45,38,34,44,850,850,1.00,1.00,6.8,60340,0.00,0.00
2026-10-02 06:25,2026-10-02 16:00,10,0,0,0.0,42,48,31,45,850,850,1.00,1.00,6.9,54140,0.00,0.00
2026-10-02 06:25,2026-10-02 17:00,11,0,0,0.0,46,62,32,49,850,850,1.00,1.00,6.6,50340,0.00,0.00
2026-10-02 06:25,2026-10-02 18:00,12,0,0,0.0,54,73,35,52,850,850,1.00,1.00,5.9,43240,0.00,0.00
2026-10-02 06:25,2026-10-02 19:00,13,0,0,0.0,60,77,43,55,850,850,1.00,1.00,5.5,43180,0.00,0.00
2026-10-02 06:25,2026-10-03 05:00,23,0,0,0.0,74,83,29,33,850,850,1.00,1.00,5.5,43220,0.00,0.00
2026-10-02 06:25,2026-10-03 06:00,24,0,0,0.0,73,78,28,37,850,850,1.00,1.00,5.1,43180,0.00,0.00
2026-10-02 06:25,2026-10-03 07:00,25,0,0,0.0,70,70,28,39,850,850,1.00,1.00,4.4,43140,0.00,0.00
2026-10-02 06:25,2026-10-03 08:00,26,0,0,0.0,59,60,28,40,850,850,1.00,1.00,3.9,50160,0.00,0.00
2026-10-02 06:25,2026-10-03 09:00,27,0,0,0.0,49,52,29,43,850,850,1.00,1.00,2.1,50140,0.00,0.00
2026-10-02 06:25,2026-10-03 10:00,28,0,0,0.0,42,48,32,50,850,850,1.00,1.00,2.2,53940,0.00,0.00
2026-10-02 06:25,2026-10-03 11:00,29,0,0,0.0,38,47,35,59,850,850,1.00,1.00,2.9,53980,0.00,0.00
2026-10-02 06:25,2026-10-03 12:00,30,0,0,0.0,36,47,39,66,850,850,1.00,1.00,3.2,54020,0.00,0.00
2026-10-02 06:25,2026-10-03 13:00,31,0,0,0.0,37,47,42,69,850,850,1.00,1.00,3.8,54100,0.00,0.00
2026-10-02 06:25,2026-10-03 14:00,32,0,0,0.0,38,48,45,70,850,850,1.00,1.00,5.6,54140,0.00,0.00
2026-10-02 06:25,2026-10-03 15:00,33,0,0,0.0,42,52,47,70,850,850,1.00,1.00,6.6,50360,0.00,0.00
2026-10-02 06:25,2026-10-03 16:00,34,0,0,0.0,41,61,49,69,850,850,1.00,1.00,5.4,50360,0.00,0.00
2026-10-02 06:25,2026-10-03 17:00,35,0,0,0.0,44,72,51,68,850,850,1.00,1.00,3.8,47080,0.00,0.00
2026-10-02 06:25,2026-10-03 18:00,36,0,0,0.0,67,80,53,65,850,850,1.00,1.00,3.2,43220,0.00,0.00
2026-10-02 06:25,2026-10-03 19:00,37,1,0,0.5,65,81,57,59,850,850,1.00,1.00,3.9,43160,0.00,0.00
2026-10-02 18:25,2026-10-02 19:00,1,6,0,3.0,56,69,31,65,850,850,1.00,1.00,6.3,46980,0.00,0.00
2026-10-02 18:25,2026-10-03 05:00,11,0,0,0.0,70,76,36,24,850,850,1.00,1.00,5.9,46940,0.00,0.00
2026-10-02 18:25,2026-10-03 06:00,12,0,0,0.0,70,71,38,25,850,850,1.00,1.00,5.9,46940,0.00,0.00
2026-10-02 18:25,2026-10-03 07:00,13,0,0,0.0,69,63,38,26,850,850,1.00,1.00,5.4,46940,0.00,0.00
2026-10-02 18:25,2026-10-03 08:00,14,0,0,0.0,61,54,38,28,850,850,1.00,1.00,4.8,46900,0.00,0.00
2026-10-02 18:25,2026-10-03 09:00,15,0,0,0.0,52,47,39,33,850,850,1.00,1.00,4.1,53980,0.00,0.00
2026-10-02 18:25,2026-10-03 10:00,16,0,0,0.0,46,43,43,42,850,850,1.00,1.00,2.0,60160,0.00,0.00
2026-10-02 18:25,2026-10-03 11:00,17,0,0,0.0,44,41,49,54,850,850,1.00,1.00,0.8,60200,0.00,0.00
2026-10-02 18:25,2026-10-03 12:00,18,1,0,0.5,43,41,54,62,850,850,1.00,1.00,1.3,60240,0.00,0.00
2026-10-02 18:25,2026-10-03 13:00,19,2,0,1.0,44,42,56,63,850,850,1.00,1.00,3.0,54120,0.00,0.00
2026-10-02 18:25,2026-10-03 14:00,20,5,0,2.5,46,44,56,61,850,850,1.00,1.00,4.0,54180,0.00,0.00
2026-10-02 18:25,2026-10-03 15:00,21,9,0,4.5,48,48,56,58,850,850,1.00,1.00,4.7,54180,0.00,0.00
2026-10-02 18:25,2026-10-03 16:00,22,14,0,7.0,54,55,58,55,850,850,1.00,1.00,6.3,54140,0.00,0.00
2026-10-02 18:25,2026-10-03 17:00,23,12,0,6.0,58,63,60,52,850,850,1.00,1.00,3.6,50340,0.00,0.00
2026-10-02 18:25,2026-10-03 18:00,24,6,0,3.0,74,68,61,52,850,850,1.00,1.00,2.6,50300,0.00,0.00
2026-10-02 18:25,2026-10-03 19:00,25,1,0,0.5,70,67,60,57,850,850,1.00,1.00,3.9,50280,0.00,0.00
2026-10-02 18:25,2026-10-04 05:00,35,19,56,37.5,75,83,80,96,850,850,1.00,0.15,4.6,43440,0.00,0.00
2026-10-02 18:25,2026-10-04 06:00,36,22,57,39.5,77,85,79,96,850,850,1.00,0.15,4.6,26560,0.00,0.00
2026-10-02 18:25,2026-10-04 07:00,37,33,62,47.5,79,86,79,97,850,850,1.00,0.15,4.1,38620,0.00,0.10
2026-10-02 18:25,2026-10-04 08:00,38,31,69,50.0,76,86,80,98,850,850,1.00,0.15,4.7,9820,0.00,0.10
2026-10-02 18:25,2026-10-04 09:00,39,26,73,49.5,76,86,82,98,850,850,1.00,0.15,5.8,8640,0.00,0.10
2026-10-02 18:25,2026-10-04 10:00,40,27,72,49.5,77,87,86,98,850,850,1.00,0.15,6.6,22520,0.00,0.50
2026-10-02 18:25,2026-10-04 11:00,41,30,69,49.5,78,88,91,98,850,850,0.15,0.15,6.6,4580,0.00,0.50
2026-10-02 18:25,2026-10-04 12:00,42,36,64,50.0,78,90,94,97,850,850,0.15,0.00,7.6,3080,0.00,0.50
2026-10-03 06:25,2026-10-03 07:00,1,6,0,3.0,58,70,63,55,850,850,1.00,1.00,5.4,46880,0.00,0.00
2026-10-03 06:25,2026-10-03 08:00,2,3,0,1.5,56,65,56,50,850,850,1.00,1.00,5.3,50140,0.00,0.00
2026-10-03 06:25,2026-10-03 09:00,3,1,0,0.5,52,61,51,49,850,850,1.00,1.00,4.3,46860,0.00,0.00
2026-10-03 06:25,2026-10-03 10:00,4,1,0,0.5,49,57,51,56,850,850,1.00,1.00,2.8,50140,0.00,0.00
2026-10-03 06:25,2026-10-03 11:00,5,2,0,1.0,48,53,54,67,850,850,1.00,1.00,1.4,50180,0.00,0.00
2026-10-03 06:25,2026-10-03 12:00,6,3,0,1.5,47,51,56,75,850,850,1.00,1.00,2.3,50220,0.00,0.00
2026-10-03 06:25,2026-10-03 13:00,7,5,0,2.5,47,51,57,77,850,850,1.00,1.00,3.8,50280,0.00,0.00
2026-10-03 06:25,2026-10-03 14:00,8,8,0,4.0,48,52,58,76,850,850,1.00,1.00,4.7,50320,0.00,0.00
2026-10-03 06:25,2026-10-03 15:00,9,11,0,5.5,49,56,58,74,850,850,1.00,1.00,5.3,50340,0.00,0.00
2026-10-03 06:25,2026-10-03 16:00,10,18,0,9.0,56,63,56,72,850,850,1.00,1.00,6.4,50340,0.00,0.00
2026-10-03 06:25,2026-10-03 17:00,11,14,0,7.0,52,73,54,69,850,850,1.00,1.00,3.6,47020,0.00,0.00
2026-10-03 06:25,2026-10-03 18:00,12,0,0,0.0,68,79,55,66,850,850,1.00,1.00,2.2,43240,0.00,0.00
2026-10-03 06:25,2026-10-03 19:00,13,0,0,0.0,67,78,62,60,850,850,1.00,1.00,3.7,46960,0.00,0.00
2026-10-03 06:25,2026-10-04 05:00,23,31,60,45.5,82,80,84,97,850,850,1.00,0.15,4.8,43420,0.00,0.00
2026-10-03 06:25,2026-10-04 06:00,24,36,62,49.0,82,85,85,97,850,850,1.00,0.15,4.9,43400,0.00,0.00
2026-10-03 06:25,2026-10-04 07:00,25,34,69,51.5,82,90,89,98,850,850,1.00,0.00,5.2,14240,0.00,1.80
2026-10-03 06:25,2026-10-04 08:00,26,40,78,59.0,82,95,95,99,850,850,0.15,0.00,6.5,2360,0.00,1.80
2026-10-03 06:25,2026-10-04 09:00,27,41,82,61.5,84,98,98,99,850,850,0.15,0.00,7.8,1720,0.00,1.80
2026-10-03 06:25,2026-10-04 10:00,28,48,76,62.0,86,97,98,98,850,850,0.15,0.00,8.4,2600,0.00,1.70
2026-10-03 06:25,2026-10-04 11:00,29,44,66,55.0,85,93,96,97,850,850,0.15,0.00,8.3,7520,0.00,1.70
2026-10-03 06:25,2026-10-04 12:00,30,48,57,52.5,85,91,94,96,850,850,0.15,0.00,8.7,3640,0.00,1.70
2026-10-03 06:25,2026-10-04 13:00,31,72,53,62.5,96,92,94,95,850,850,0.00,0.00,7.2,2220,0.10,3.40
2026-10-03 06:25,2026-10-04 14:00,32,67,52,59.5,98,96,94,95,850,850,0.00,0.00,7.6,2620,0.60,3.40
2026-10-03 06:25,2026-10-04 15:00,33,65,52,58.5,98,98,94,94,850,850,0.00,0.00,7.2,2020,0.70,3.40
2026-10-03 06:25,2026-10-04 16:00,34,48,54,51.0,87,99,94,94,850,850,0.15,0.00,7.3,1880,0.00,4.00
2026-10-03 06:25,2026-10-04 17:00,35,59,57,58.0,90,100,95,93,850,850,0.00,0.00,7.0,1400,0.00,4.00
2026-10-03 06:25,2026-10-04 18:00,36,55,57,56.0,91,100,96,93,850,850,0.00,0.00,6.8,820,0.00,4.00
2026-10-03 06:25,2026-10-04 19:00,37,65,50,57.5,95,100,97,92,850,850,0.00,0.00,5.8,860,0.30,1.10
2026-10-03 18:25,2026-10-03 19:00,1,4,0,2.0,82,83,62,67,850,850,1.00,1.00,3.8,43120,0.00,0.00
2026-10-03 18:25,2026-10-04 05:00,11,57,83,70.0,84,79,95,100,850,850,0.15,0.15,4.3,43340,0.00,0.00
2026-10-03 18:25,2026-10-04 06:00,12,42,78,60.0,87,83,96,99,850,850,0.15,0.15,4.8,28200,0.10,0.00
2026-10-03 18:25,2026-10-04 07:00,13,45,75,60.0,89,86,97,99,850,850,0.15,0.15,4.1,10260,0.00,0.10
2026-10-03 18:25,2026-10-04 08:00,14,40,72,56.0,90,89,97,99,850,850,0.00,0.15,5.0,8000,0.00,0.10
2026-10-03 18:25,2026-10-04 09:00,15,44,68,56.0,88,90,97,98,850,850,0.15,0.00,6.2,4740,0.00,0.10
2026-10-03 18:25,2026-10-04 10:00,16,42,61,51.5,87,89,98,97,850,850,0.15,0.15,6.8,6020,0.00,0.20
2026-10-03 18:25,2026-10-04 11:00,17,54,53,53.5,90,87,99,95,850,850,0.00,0.15,6.5,8180,0.00,0.20
2026-10-03 18:25,2026-10-04 12:00,18,45,46,45.5,92,87,99,93,850,850,0.00,0.15,7.2,13980,0.10,0.20
2026-10-03 18:25,2026-10-04 13:00,19,67,39,53.0,90,91,97,91,850,850,0.00,0.00,8.0,8180,0.00,1.50
2026-10-03 18:25,2026-10-04 14:00,20,46,33,39.5,92,96,95,88,850,850,0.00,0.50,8.5,2180,0.00,1.50
2026-10-03 18:25,2026-10-04 15:00,21,42,30,36.0,91,100,93,87,850,850,0.00,0.50,8.9,1800,0.00,1.50
2026-10-03 18:25,2026-10-04 16:00,22,90,31,60.5,99,100,94,88,850,850,0.00,0.50,7.4,1440,0.20,3.80
2026-10-03 18:25,2026-10-04 17:00,23,62,34,48.0,98,100,95,89,850,850,0.00,0.50,8.7,2740,0.60,3.80
2026-10-03 18:25,2026-10-04 18:00,24,52,38,45.0,97,100,96,91,850,850,0.00,0.00,8.7,1640,0.30,3.80
2026-10-03 18:25,2026-10-04 19:00,25,61,43,52.0,97,100,95,92,850,850,0.00,0.00,7.9,3540,0.10,1.00
2026-10-03 18:25,2026-10-05 05:00,35,44,40,42.0,98,100,94,92,850,850,0.00,0.00,6.6,720,0.60,0.00
2026-10-03 18:25,2026-10-05 06:00,36,39,41,40.0,98,100,92,92,850,850,0.00,0.00,7.3,680,1.10,0.00
2026-10-03 18:25,2026-10-05 07:00,37,27,44,35.5,97,98,93,93,850,850,0.00,0.00,7.0,1020,0.80,0.00
2026-10-03 18:25,2026-10-05 08:00,38,38,48,43.0,97,95,94,94,850,850,0.00,0.00,7.2,1680,0.80,0.00
2026-10-03 18:25,2026-10-05 09:00,39,53,53,53.0,97,92,96,95,850,850,0.00,0.00,7.3,3020,0.40,0.00
2026-10-03 18:25,2026-10-05 10:00,40,44,59,51.5,96,88,97,96,850,850,0.00,0.15,7.6,5340,0.00,0.10
2026-10-03 18:25,2026-10-05 11:00,41,55,64,59.5,93,84,98,97,850,850,0.00,0.15,6.9,10100,0.00,0.10
2026-10-03 18:25,2026-10-05 12:00,42,62,67,64.5,93,82,98,98,850,850,0.00,0.15,6.5,5500,0.00,0.10
2026-10-04 06:25,2026-10-04 07:00,1,45,57,51.0,90,96,100,95,850,850,0.00,0.00,6.2,8300,0.10,0.40
2026-10-04 06:25,2026-10-04 08:00,2,58,73,65.5,95,98,100,97,850,850,0.00,0.00,5.7,4300,0.40,0.40
2026-10-04 06:25,2026-10-04 09:00,3,55,84,69.5,97,99,99,99,850,850,0.00,0.00,5.2,3660,2.40,0.40
2026-10-04 06:25,2026-10-04 10:00,4,49,85,67.0,97,100,97,99,850,850,0.00,0.00,4.6,500,1.80,2.10
2026-10-04 06:25,2026-10-04 11:00,5,37,82,59.5,96,100,94,99,850,850,0.00,0.00,6.1,540,0.70,2.10
2026-10-04 06:25,2026-10-04 12:00,6,38,78,58.0,96,100,93,99,850,850,0.00,0.00,5.8,540,0.20,2.10
2026-10-04 06:25,2026-10-04 13:00,7,46,75,60.5,96,100,94,99,850,850,0.00,0.00,6.9,740,1.00,3.20
2026-10-04 06:25,2026-10-04 14:00,8,48,72,60.0,96,100,97,99,850,850,0.00,0.00,8.4,620,3.80,3.20
2026-10-04 06:25,2026-10-04 15:00,9,40,67,53.5,96,100,99,98,850,850,0.00,0.00,9.5,660,2.90,3.20
2026-10-04 06:25,2026-10-04 16:00,10,56,60,58.0,96,100,99,96,850,850,0.00,0.00,9.5,580,0.40,2.60
2026-10-04 06:25,2026-10-04 17:00,11,43,53,48.0,96,100,99,94,850,850,0.00,0.00,10.2,580,0.80,2.60
2026-10-04 06:25,2026-10-04 18:00,12,53,47,50.0,96,100,99,92,850,850,0.00,0.00,9.0,460,0.30,2.60
2026-10-04 06:25,2026-10-04 19:00,13,47,44,45.5,96,100,99,90,850,850,0.00,0.00,8.8,580,0.00,0.50
2026-10-04 06:25,2026-10-05 05:00,23,64,45,54.5,99,100,99,91,850,850,0.00,0.00,7.6,160,0.20,0.10
2026-10-04 06:25,2026-10-05 06:00,24,60,44,52.0,99,100,99,91,850,850,0.00,0.00,7.2,160,0.10,0.10
2026-10-04 06:25,2026-10-05 07:00,25,57,43,50.0,98,99,99,92,850,850,0.00,0.00,6.8,320,0.70,0.00
2026-10-04 06:25,2026-10-05 08:00,26,51,43,47.0,98,98,99,93,850,850,0.00,0.00,6.1,560,1.60,0.00
2026-10-04 06:25,2026-10-05 09:00,27,60,48,54.0,98,97,99,94,850,850,0.00,0.00,6.1,1060,1.20,0.00
2026-10-04 06:25,2026-10-05 10:00,28,81,65,73.0,99,95,99,96,850,850,0.00,0.00,6.9,1820,0.30,0.10
2026-10-04 06:25,2026-10-05 11:00,29,58,88,73.0,98,92,99,99,850,850,0.00,0.00,6.6,2900,0.80,0.10
2026-10-04 06:25,2026-10-05 12:00,30,53,100,76.5,96,91,99,100,850,850,0.00,0.00,4.5,4680,3.70,0.10
2026-10-04 06:25,2026-10-05 13:00,31,77,90,83.5,96,93,99,99,850,850,0.00,0.00,1.8,6080,5.40,0.40
2026-10-04 06:25,2026-10-05 14:00,32,70,70,70.0,96,96,99,97,850,850,0.00,0.00,2.2,4860,3.70,0.40
2026-10-04 06:25,2026-10-05 15:00,33,62,57,59.5,94,98,99,96,850,850,0.00,0.00,2.7,13220,1.40,0.40
2026-10-04 06:25,2026-10-05 16:00,34,76,60,68.0,98,99,99,96,850,850,0.00,0.00,4.7,12020,4.20,0.10
2026-10-04 06:25,2026-10-05 17:00,35,48,69,58.5,98,99,99,98,850,850,0.00,0.00,2.2,7640,3.80,0.10
2026-10-04 06:25,2026-10-05 18:00,36,50,74,62.0,96,99,99,98,850,850,0.00,0.00,4.7,7520,2.50,0.10
2026-10-04 06:25,2026-10-05 19:00,37,53,68,60.5,96,99,99,97,850,850,0.00,0.00,6.1,1180,0.90,0.00
2026-10-04 18:25,2026-10-04 19:00,1,67,56,61.5,98,100,100,95,850,850,0.00,0.00,9.0,420,0.50,0.80
2026-10-04 18:25,2026-10-05 05:00,11,52,52,52.0,97,100,99,95,850,850,0.00,0.00,6.4,260,0.70,0.10
2026-10-04 18:25,2026-10-05 06:00,12,53,48,50.5,97,100,99,94,850,850,0.00,0.00,5.7,260,0.60,0.10
2026-10-04 18:25,2026-10-05 07:00,13,46,47,46.5,97,99,99,94,850,850,0.00,0.00,6.6,180,1.00,0.00
2026-10-04 18:25,2026-10-05 08:00,14,52,46,49.0,97,98,99,94,850,850,0.00,0.00,6.6,180,1.60,0.00
2026-10-04 18:25,2026-10-05 09:00,15,47,48,47.5,97,96,99,94,850,850,0.00,0.00,6.9,380,1.60,0.00
2026-10-04 18:25,2026-10-05 10:00,16,51,52,51.5,96,94,99,95,850,850,0.00,0.00,5.9,560,2.50,0.40
2026-10-04 18:25,2026-10-05 11:00,17,67,58,62.5,96,91,100,96,850,850,0.00,0.00,6.1,1440,5.80,0.40
2026-10-04 18:25,2026-10-05 12:00,18,94,63,78.5,96,90,99,97,850,850,0.00,0.00,4.4,2760,1.90,0.40
2026-10-04 18:25,2026-10-05 13:00,19,83,68,75.5,96,92,96,98,850,850,0.00,0.00,2.6,3740,4.70,0.90
2026-10-04 18:25,2026-10-05 14:00,20,69,73,71.0,96,96,92,98,850,850,0.00,0.00,5.4,5080,7.30,0.90
2026-10-04 18:25,2026-10-05 15:00,21,68,74,71.0,95,99,88,98,850,850,0.50,0.00,7.2,5180,4.00,0.90
2026-10-04 18:25,2026-10-05 16:00,22,63,69,66.0,95,100,86,97,850,850,0.50,0.00,8.0,5300,1.80,0.30
2026-10-04 18:25,2026-10-05 17:00,23,57,61,59.0,94,100,84,96,850,850,0.50,0.00,9.5,8080,1.30,0.30
2026-10-04 18:25,2026-10-05 18:00,24,62,54,58.0,94,100,83,95,850,850,0.50,0.00,8.3,1080,1.50,0.30
2026-10-04 18:25,2026-10-05 19:00,25,44,51,47.5,94,100,83,93,850,850,0.50,0.00,8.7,540,0.70,0.00
2026-10-04 18:25,2026-10-06 05:00,35,47,20,33.5,81,100,84,51,850,850,1.00,0.50,11.5,1260,0.00,0.00
2026-10-04 18:25,2026-10-06 06:00,36,43,14,28.5,80,99,81,40,850,850,1.00,0.50,11.9,2140,0.00,0.00
2026-10-04 18:25,2026-10-06 07:00,37,41,9,25.0,78,94,77,36,850,850,1.00,0.50,11.5,23500,0.00,0.00
2026-10-04 18:25,2026-10-06 08:00,38,27,4,15.5,75,88,72,36,850,850,1.00,1.00,11.2,13540,0.00,0.00
2026-10-04 18:25,2026-10-06 09:00,39,19,0,9.5,71,81,69,38,850,850,1.00,1.00,10.1,22160,0.00,0.00
2026-10-04 18:25,2026-10-06 10:00,40,9,0,4.5,66,73,69,44,850,850,1.00,1.00,8.8,25940,0.00,0.00
2026-10-04 18:25,2026-10-06 11:00,41,7,0,3.5,61,66,70,52,850,850,1.00,1.00,8.6,51440,0.00,0.00
2026-10-04 18:25,2026-10-06 12:00,42,6,0,3.0,58,60,71,58,850,850,1.00,1.00,8.6,51500,0.00,0.00
2026-10-05 06:25,2026-10-05 07:00,1,71,68,69.5,97,100,99,97,850,850,0.00,0.00,4.7,400,1.30,2.40
2026-10-05 06:25,2026-10-05 08:00,2,78,72,75.0,97,100,99,98,850,850,0.00,0.00,4.4,1040,1.10,2.40
2026-10-05 06:25,2026-10-05 09:00,3,63,73,68.0,96,100,99,98,850,850,0.00,0.00,3.7,1460,0.50,2.40
2026-10-05 06:25,2026-10-05 10:00,4,67,68,67.5,96,100,99,97,850,850,0.00,0.00,3.4,1520,0.80,7.20
2026-10-05 06:25,2026-10-05 11:00,5,72,60,66.0,96,99,100,96,850,850,0.00,0.00,2.0,1260,1.70,7.20
2026-10-05 06:25,2026-10-05 12:00,6,61,53,57.0,95,99,99,95,850,850,0.00,0.00,2.5,1560,2.60,7.20
2026-10-05 06:25,2026-10-05 13:00,7,50,49,49.5,96,99,97,94,850,850,0.00,0.00,5.1,1960,11.90,5.30
2026-10-05 06:25,2026-10-05 14:00,8,60,46,53.0,95,100,93,92,850,850,0.00,0.00,6.0,1720,6.20,5.30
2026-10-05 06:25,2026-10-05 15:00,9,52,46,49.0,94,100,90,91,850,850,0.00,0.00,7.7,1500,4.80,5.30
2026-10-05 06:25,2026-10-05 16:00,10,35,51,43.0,94,100,88,91,850,850,0.50,0.00,7.9,2900,7.00,1.50
2026-10-05 06:25,2026-10-05 17:00,11,34,60,47.0,92,100,87,91,850,850,0.50,0.00,8.8,3460,9.30,1.50
2026-10-05 06:25,2026-10-05 18:00,12,38,65,51.5,93,100,85,92,850,850,0.50,0.00,8.4,3740,0.80,1.50
2026-10-05 06:25,2026-10-05 19:00,13,37,64,50.5,93,100,83,93,850,850,0.50,0.00,8.3,4000,0.50,0.00
2026-10-05 06:25,2026-10-06 05:00,23,39,50,44.5,77,100,65,94,850,850,1.00,0.00,9.7,2360,0.00,0.10
2026-10-05 06:25,2026-10-06 06:00,24,29,43,36.0,75,99,59,93,850,850,1.00,0.00,10.1,2240,0.00,0.10
2026-10-05 06:25,2026-10-06 07:00,25,24,29,26.5,74,95,58,89,850,850,1.00,0.50,10.4,10260,0.00,0.00
2026-10-05 06:25,2026-10-06 08:00,26,23,12,17.5,71,89,59,83,850,850,1.00,1.00,10.1,35520,0.00,0.00
2026-10-05 06:25,2026-10-06 09:00,27,15,0,7.5,67,82,61,77,850,850,1.00,1.00,9.8,42460,0.00,0.00
2026-10-05 06:25,2026-10-06 10:00,28,7,0,3.5,61,74,63,72,850,850,1.00,1.00,8.5,48180,0.00,0.00
2026-10-05 06:25,2026-10-06 11:00,29,1,0,0.5,56,66,66,67,850,850,1.00,1.00,8.0,48220,0.00,0.00
2026-10-05 06:25,2026-10-06 12:00,30,3,0,1.5,56,60,69,64,850,850,1.00,1.00,7.9,48260,0.00,0.00
2026-10-05 06:25,2026-10-06 13:00,31,4,0,2.0,57,57,72,65,850,850,1.00,1.00,8.6,51620,0.00,0.00
2026-10-05 06:25,2026-10-06 14:00,32,6,0,3.0,58,57,75,68,850,850,1.00,1.00,8.6,51680,0.00,0.00
2026-10-05 06:25,2026-10-06 15:00,33,14,0,7.0,64,58,77,71,850,850,1.00,1.00,8.7,51700,0.00,0.00
2026-10-05 06:25,2026-10-06 16:00,34,13,0,6.5,64,60,75,72,850,850,1.00,1.00,8.6,51660,0.00,0.00
2026-10-05 06:25,2026-10-06 17:00,35,18,0,9.0,69,64,72,72,850,850,1.00,1.00,7.9,48340,0.00,0.00
2026-10-05 06:25,2026-10-06 18:00,36,7,0,3.5,69,69,71,72,850,850,1.00,1.00,7.1,48300,0.00,0.00
2026-10-05 06:25,2026-10-06 19:00,37,3,1,2.0,66,76,73,73,850,850,1.00,1.00,7.2,44440,0.00,0.00
2026-10-05 18:25,2026-10-05 19:00,1,59,27,43.0,83,95,77,81,850,850,1.00,0.50,6.5,6360,0.00,0.00
2026-10-05 18:25,2026-10-06 05:00,11,35,48,41.5,82,100,75,60,850,850,1.00,0.50,10.1,360,0.00,0.00
2026-10-05 18:25,2026-10-06 06:00,12,34,39,36.5,79,100,71,52,850,850,1.00,0.50,10.5,780,0.00,0.00
2026-10-05 18:25,2026-10-06 07:00,13,19,26,22.5,75,94,68,44,850,850,1.00,0.50,10.5,2900,0.00,0.00
2026-10-05 18:25,2026-10-06 08:00,14,13,11,12.0,70,85,65,36,850,850,1.00,1.00,10.5,7720,0.00,0.00
2026-10-05 18:25,2026-10-06 09:00,15,9,0,4.5,65,77,64,35,850,850,1.00,1.00,9.1,20880,0.00,0.00
2026-10-05 18:25,2026-10-06 10:00,16,3,0,1.5,61,70,65,45,850,850,1.00,1.00,8.4,26640,0.00,0.00
2026-10-05 18:25,2026-10-06 11:00,17,4,0,2.0,58,64,68,62,850,850,1.00,1.00,8.0,48180,0.00,0.00
2026-10-05 18:25,2026-10-06 12:00,18,5,0,2.5,57,60,71,74,850,850,1.00,1.00,8.1,51500,0.00,0.00
2026-10-05 18:25,2026-10-06 13:00,19,6,0,3.0,56,57,72,75,850,850,1.00,1.00,8.6,51540,0.00,0.00
2026-10-05 18:25,2026-10-06 14:00,20,7,0,3.5,58,56,73,72,850,850,1.00,1.00,8.7,51580,0.00,0.00
2026-10-05 18:25,2026-10-06 15:00,21,12,0,6.0,61,57,74,69,850,850,1.00,1.00,8.7,51580,0.00,0.00
2026-10-05 18:25,2026-10-06 16:00,22,16,0,8.0,66,61,75,70,850,850,1.00,1.00,8.6,51540,0.00,0.00
2026-10-05 18:25,2026-10-06 17:00,23,15,0,7.5,69,67,76,72,850,850,1.00,1.00,8.1,48200,0.00,0.00
2026-10-05 18:25,2026-10-06 18:00,24,13,0,6.5,72,74,77,73,850,850,1.00,1.00,7.4,44340,0.00,0.00
2026-10-05 18:25,2026-10-06 19:00,25,5,0,2.5,73,81,78,71,850,850,1.00,1.00,7.4,44300,0.00,0.00
2026-10-05 18:25,2026-10-07 05:00,35,3,24,13.5,86,100,65,61,850,850,1.00,0.50,6.7,1860,0.00,0.00
2026-10-05 18:25,2026-10-07 06:00,36,0,21,10.5,85,99,59,56,850,850,1.00,0.50,5.8,1220,0.00,0.00
2026-10-05 18:25,2026-10-07 07:00,37,0,14,7.0,83,89,61,48,850,850,1.00,1.00,5.6,4440,0.00,0.00
2026-10-05 18:25,2026-10-07 08:00,38,2,6,4.0,78,76,68,39,850,850,1.00,1.00,6.3,26260,0.00,0.00
2026-10-05 18:25,2026-10-07 09:00,39,9,0,4.5,68,65,74,37,850,850,1.00,1.00,6.9,25780,0.00,0.00
2026-10-05 18:25,2026-10-07 10:00,40,19,1,10.0,66,60,78,49,850,850,1.00,1.00,7.1,50740,0.00,0.00
2026-10-05 18:25,2026-10-07 11:00,41,18,5,11.5,63,57,82,67,850,850,1.00,1.00,7.2,50760,0.00,0.00
2026-10-05 18:25,2026-10-07 12:00,42,20,7,13.5,59,55,83,80,850,850,1.00,1.00,7.2,50800,0.00,0.00
2026-10-06 06:25,2026-10-06 07:00,1,30,21,25.5,83,93,75,85,850,850,1.00,0.50,10.5,30040,0.00,0.00
2026-10-06 06:25,2026-10-06 08:00,2,23,8,15.5,77,85,71,79,850,850,1.00,1.00,9.4,11620,0.00,0.00
2026-10-06 06:25,2026-10-06 09:00,3,10,0,5.0,69,78,69,76,850,850,1.00,1.00,8.7,14780,0.00,0.00
2026-10-06 06:25,2026-10-06 10:00,4,3,1,2.0,63,72,69,77,850,850,1.00,1.00,7.3,18620,0.00,0.00
2026-10-06 06:25,2026-10-06 11:00,5,5,6,5.5,59,66,70,80,850,850,1.00,1.00,7.2,21240,0.00,0.00
2026-10-06 06:25,2026-10-06 12:00,6,7,9,8.0,57,61,71,81,850,850,1.00,1.00,7.3,23880,0.00,0.00
2026-10-06 06:25,2026-10-06 13:00,7,8,7,7.5,56,58,70,78,850,850,1.00,1.00,8.0,51480,0.00,0.00
2026-10-06 06:25,2026-10-06 14:00,8,4,3,3.5,55,56,68,74,850,850,1.00,1.00,8.0,51520,0.00,0.00
2026-10-06 06:25,2026-10-06 15:00,9,5,0,2.5,54,57,67,71,850,850,1.00,1.00,8.0,51500,0.00,0.00
2026-10-06 06:25,2026-10-06 16:00,10,9,0,4.5,59,61,67,71,850,850,1.00,1.00,7.6,51460,0.00,0.00
2026-10-06 06:25,2026-10-06 17:00,11,8,0,4.0,64,67,68,73,850,850,1.00,1.00,7.3,48140,0.00,0.00
2026-10-06 06:25,2026-10-06 18:00,12,4,0,2.0,68,73,69,73,850,850,1.00,1.00,6.2,44300,0.00,0.00
2026-10-06 06:25,2026-10-06 19:00,13,10,0,5.0,71,80,72,71,850,850,1.00,1.00,6.5,42220,0.00,0.00
2026-10-06 06:25,2026-10-07 05:00,23,19,17,18.0,86,100,87,58,850,850,1.00,0.50,6.9,12340,0.00,0.00
2026-10-06 06:25,2026-10-07 06:00,24,14,21,17.5,86,99,86,62,850,850,1.00,0.50,6.9,6840,0.00,0.00
2026-10-06 06:25,2026-10-07 07:00,25,2,16,9.0,83,91,73,64,850,850,1.00,0.50,6.9,35720,0.00,0.00
2026-10-06 06:25,2026-10-07 08:00,26,0,6,3.0,70,80,54,66,850,850,1.00,1.00,7.3,22560,0.00,0.00
2026-10-06 06:25,2026-10-07 09:00,27,0,0,0.0,57,70,43,69,850,850,1.00,1.00,7.5,26500,0.00,0.00
2026-10-06 06:25,2026-10-07 10:00,28,0,1,0.5,51,62,48,73,850,850,1.00,1.00,7.4,47480,0.00,0.00
2026-10-06 06:25,2026-10-07 11:00,29,5,5,5.0,54,56,60,78,850,850,1.00,1.00,7.1,50760,0.00,0.00
2026-10-06 06:25,2026-10-07 12:00,30,11,8,9.5,56,52,70,81,850,850,1.00,1.00,6.2,50800,0.00,0.00
2026-10-06 06:25,2026-10-07 13:00,31,12,7,9.5,56,50,73,81,850,850,1.00,1.00,6.2,50820,0.00,0.00
2026-10-06 06:25,2026-10-07 14:00,32,14,4,9.0,58,50,74,80,850,850,1.00,1.00,6.5,50820,0.00,0.00
2026-10-06 06:25,2026-10-07 15:00,33,16,2,9.0,60,54,74,78,850,850,1.00,1.00,6.5,50780,0.00,0.00
2026-10-06 06:25,2026-10-07 16:00,34,8,1,4.5,56,64,74,77,850,850,1.00,1.00,5.9,47460,0.00,0.00
2026-10-06 06:25,2026-10-07 17:00,35,2,0,1.0,59,77,74,75,850,850,1.00,1.00,5.6,34980,0.00,0.00
2026-10-06 06:25,2026-10-07 18:00,36,4,0,2.0,70,87,73,74,850,850,1.00,1.00,5.2,31880,0.00,0.00
2026-10-06 06:25,2026-10-07 19:00,37,4,0,2.0,75,91,73,74,850,850,1.00,0.50,4.9,33140,0.00,0.00
2026-10-06 18:25,2026-10-06 19:00,1,13,0,6.5,71,78,78,75,850,850,1.00,1.00,7.7,35040,0.00,0.00
2026-10-06 18:25,2026-10-07 05:00,11,6,25,15.5,83,100,72,50,850,850,1.00,0.50,8.3,23460,0.00,0.00
2026-10-06 18:25,2026-10-07 06:00,12,3,27,15.0,81,99,70,52,850,850,1.00,0.50,7.6,23260,0.00,0.00
2026-10-06 18:25,2026-10-07 07:00,13,1,20,10.5,78,91,68,58,850,850,1.00,0.50,7.3,31180,0.00,0.00
2026-10-06 18:25,2026-10-07 08:00,14,0,8,4.0,71,80,65,67,850,850,1.00,1.00,7.7,37000,0.00,0.00
2026-10-06 18:25,2026-10-07 09:00,15,1,0,0.5,59,71,65,74,850,850,1.00,1.00,8.0,42860,0.00,0.00
2026-10-06 18:25,2026-10-07 10:00,16,12,2,7.0,61,65,69,78,850,850,1.00,1.00,8.0,47460,0.00,0.00
2026-10-06 18:25,2026-10-07 11:00,17,15,9,12.0,60,60,75,81,850,850,1.00,1.00,7.4,47480,0.00,0.00
2026-10-06 18:25,2026-10-07 12:00,18,16,13,14.5,59,57,79,83,850,850,1.00,1.00,7.1,50760,0.00,0.00
2026-10-06 18:25,2026-10-07 13:00,19,16,11,13.5,58,55,79,83,850,850,1.00,1.00,7.1,50800,0.00,0.00
2026-10-06 18:25,2026-10-07 14:00,20,16,7,11.5,58,54,76,81,850,850,1.00,1.00,7.0,39080,0.00,0.00
2026-10-06 18:25,2026-10-07 15:00,21,15,4,9.5,58,57,75,79,850,850,1.00,1.00,6.6,50800,0.00,0.00
2026-10-06 18:25,2026-10-07 16:00,22,16,2,9.0,61,65,75,77,850,850,1.00,1.00,6.2,35220,0.00,0.00
2026-10-06 18:25,2026-10-07 17:00,23,9,1,5.0,68,76,77,75,850,850,1.00,1.00,4.7,37240,0.00,0.00
2026-10-06 18:25,2026-10-07 18:00,24,9,0,4.5,77,85,78,73,850,850,1.00,1.00,4.0,30520,0.00,0.00
2026-10-06 18:25,2026-10-07 19:00,25,6,0,3.0,83,88,80,72,850,850,1.00,1.00,4.4,33800,0.00,0.00
2026-10-06 18:25,2026-10-08 05:00,35,1,0,0.5,63,85,57,38,850,850,1.00,1.00,5.4,43340,0.00,0.00
2026-10-06 18:25,2026-10-08 06:00,36,0,0,0.0,62,81,52,35,850,850,1.00,1.00,5.4,43320,0.00,0.00
2026-10-06 18:25,2026-10-08 07:00,37,0,0,0.0,62,74,52,31,850,850,1.00,1.00,4.4,43280,0.00,0.00
2026-10-06 18:25,2026-10-08 08:00,38,0,0,0.0,55,65,53,26,850,850,1.00,1.00,3.5,46980,0.00,0.00
2026-10-06 18:25,2026-10-08 09:00,39,0,0,0.0,45,57,53,25,850,850,1.00,1.00,2.7,50220,0.00,0.00
2026-10-06 18:25,2026-10-08 10:00,40,0,0,0.0,42,50,49,31,850,850,1.00,1.00,1.8,54040,0.00,0.00
2026-10-06 18:25,2026-10-08 11:00,41,0,0,0.0,40,43,44,40,850,850,1.00,1.00,1.5,60260,0.00,0.00
2026-10-06 18:25,2026-10-08 12:00,42,0,0,0.0,38,37,40,45,850,850,1.00,1.00,2.1,60300,0.00,0.00
2026-10-07 06:25,2026-10-07 07:00,1,1,19,10.0,82,90,70,60,850,850,1.00,0.50,7.6,35260,0.00,0.00
2026-10-07 06:25,2026-10-07 08:00,2,0,7,3.5,74,80,69,64,850,850,1.00,1.00,6.9,42020,0.00,0.00
2026-10-07 06:25,2026-10-07 09:00,3,3,0,1.5,63,71,69,68,850,850,1.00,1.00,7.2,39440,0.00,0.00
2026-10-07 06:25,2026-10-07 10:00,4,9,3,6.0,60,65,72,74,850,850,1.00,1.00,7.6,47460,0.00,0.00
2026-10-07 06:25,2026-10-07 11:00,5,17,11,14.0,60,60,76,80,850,850,1.00,1.00,7.3,47460,0.00,0.00
2026-10-07 06:25,2026-10-07 12:00,6,20,16,18.0,60,57,79,84,850,850,1.00,1.00,7.1,50760,0.00,0.00
2026-10-07 06:25,2026-10-07 13:00,7,17,14,15.5,59,55,80,84,850,850,1.00,1.00,6.6,50820,0.00,0.00
2026-10-07 06:25,2026-10-07 14:00,8,19,9,14.0,59,55,80,82,850,850,1.00,1.00,6.8,50800,0.00,0.00
2026-10-07 06:25,2026-10-07 15:00,9,19,5,12.0,61,58,80,80,850,850,1.00,1.00,6.6,27500,0.00,0.00
2026-10-07 06:25,2026-10-07 16:00,10,18,3,10.5,65,67,79,78,850,850,1.00,1.00,6.2,26980,0.00,0.00
2026-10-07 06:25,2026-10-07 17:00,11,18,1,9.5,70,78,79,75,850,850,1.00,1.00,5.0,34720,0.00,0.00
2026-10-07 06:25,2026-10-07 18:00,12,7,0,3.5,75,87,77,72,850,850,1.00,1.00,4.7,35200,0.00,0.00
2026-10-07 06:25,2026-10-07 19:00,13,4,0,2.0,79,89,75,70,850,850,1.00,1.00,5.2,37380,0.00,0.00
2026-10-07 06:25,2026-10-08 05:00,23,3,0,1.5,65,78,68,35,850,850,1.00,1.00,4.7,47060,0.00,0.00
2026-10-07 06:25,2026-10-08 06:00,24,3,0,1.5,65,74,66,32,850,850,1.00,1.00,4.7,47020,0.00,0.00
2026-10-07 06:25,2026-10-08 07:00,25,1,0,0.5,68,69,63,30,850,850,1.00,1.00,3.2,46980,0.00,0.00
2026-10-07 06:25,2026-10-08 08:00,26,0,0,0.0,66,64,60,28,850,850,1.00,1.00,2.2,46920,0.00,0.00
2026-10-07 06:25,2026-10-08 09:00,27,0,0,0.0,60,58,58,29,850,850,1.00,1.00,1.8,50180,0.00,0.00
2026-10-07 06:25,2026-10-08 10:00,28,4,0,2.0,56,51,58,36,850,850,1.00,1.00,2.5,54000,0.00,0.00
2026-10-07 06:25,2026-10-08 11:00,29,2,0,1.0,52,44,60,47,850,850,1.00,1.00,2.5,54040,0.00,0.00
2026-10-07 06:25,2026-10-08 12:00,30,3,0,1.5,49,38,60,52,850,850,1.00,1.00,3.0,60260,0.00,0.00
2026-10-07 06:25,2026-10-08 13:00,31,3,0,1.5,48,34,59,46,850,850,1.00,1.00,3.4,60320,0.00,0.00
2026-10-07 06:25,2026-10-08 14:00,32,3,0,1.5,47,31,57,35,850,850,1.00,1.00,3.9,60340,0.00,0.00
2026-10-07 06:25,2026-10-08 15:00,33,3,0,1.5,47,32,53,31,850,850,1.00,1.00,4.7,60440,0.00,0.00
2026-10-07 06:25,2026-10-08 16:00,34,4,0,2.0,50,38,42,40,850,850,1.00,1.00,5.4,60340,0.00,0.00
2026-10-07 06:25,2026-10-08 17:00,35,1,0,0.5,59,47,29,55,850,850,1.00,1.00,3.3,50340,0.00,0.00
2026-10-07 06:25,2026-10-08 18:00,36,0,0,0.0,71,54,23,69,850,850,1.00,1.00,2.9,54100,0.00,0.00
2026-10-07 06:25,2026-10-08 19:00,37,0,9,4.5,69,56,30,78,850,850,1.00,1.00,4.9,60240,0.00,0.00
2026-10-07 18:25,2026-10-07 19:00,1,6,0,3.0,75,87,76,69,850,850,1.00,1.00,4.7,38720,0.00,0.00
2026-10-07 18:25,2026-10-08 05:00,11,0,0,0.0,61,75,34,38,850,850,1.00,1.00,4.7,47040,0.00,0.00
2026-10-07 18:25,2026-10-08 06:00,12,0,0,0.0,58,71,30,38,850,850,1.00,1.00,4.4,47040,0.00,0.00
2026-10-07 18:25,2026-10-08 07:00,13,0,0,0.0,58,67,25,36,850,850,1.00,1.00,3.7,46960,0.00,0.00
2026-10-07 18:25,2026-10-08 08:00,14,0,0,0.0,50,62,21,34,850,850,1.00,1.00,3.5,46920,0.00,0.00
2026-10-07 18:25,2026-10-08 09:00,15,0,0,0.0,40,57,19,34,850,850,1.00,1.00,4.4,50180,0.00,0.00
2026-10-07 18:25,2026-10-08 10:00,16,0,0,0.0,38,51,22,38,850,850,1.00,1.00,4.5,53980,0.00,0.00
2026-10-07 18:25,2026-10-08 11:00,17,0,0,0.0,37,44,28,45,850,850,1.00,1.00,4.0,54020,0.00,0.00
2026-10-07 18:25,2026-10-08 12:00,18,0,0,0.0,34,39,32,49,850,850,1.00,1.00,3.8,60260,0.00,0.00
2026-10-07 18:25,2026-10-08 13:00,19,0,0,0.0,31,35,31,48,850,850,1.00,1.00,4.4,60320,0.00,0.00
2026-10-07 18:25,2026-10-08 14:00,20,0,0,0.0,30,32,29,44,850,850,1.00,1.00,4.8,60440,0.00,0.00
2026-10-07 18:25,2026-10-08 15:00,21,0,0,0.0,31,33,31,40,850,850,1.00,1.00,4.4,60340,0.00,0.00
2026-10-07 18:25,2026-10-08 16:00,22,0,0,0.0,36,42,42,33,850,850,1.00,1.00,3.9,60320,0.00,0.00
2026-10-07 18:25,2026-10-08 17:00,23,8,0,4.0,51,55,58,26,850,850,1.00,1.00,1.5,50300,0.00,0.00
2026-10-07 18:25,2026-10-08 18:00,24,8,0,4.0,61,63,69,26,850,850,1.00,1.00,2.3,50300,0.00,0.00
2026-10-07 18:25,2026-10-08 19:00,25,18,2,10.0,61,59,69,41,850,850,1.00,1.00,3.8,54080,0.00,0.00
2026-10-07 18:25,2026-10-09 05:00,35,43,66,54.5,90,92,96,97,850,850,0.00,0.00,7.2,3980,0.00,0.00
2026-10-07 18:25,2026-10-09 06:00,36,47,64,55.5,92,91,93,97,850,850,0.00,0.00,7.5,3140,0.00,0.00
2026-10-07 18:25,2026-10-09 07:00,37,35,63,49.0,92,89,90,97,850,850,0.00,0.15,7.7,3020,0.00,0.00
2026-10-07 18:25,2026-10-09 08:00,38,32,61,46.5,88,87,88,96,850,850,1.00,0.15,7.9,4280,0.00,0.00
2026-10-07 18:25,2026-10-09 09:00,39,32,60,46.0,84,85,86,96,850,850,1.00,0.15,7.9,4280,0.00,0.00
2026-10-07 18:25,2026-10-09 10:00,40,30,61,45.5,79,84,87,96,850,850,1.00,0.15,8.4,5500,0.00,0.20
2026-10-07 18:25,2026-10-09 11:00,41,32,63,47.5,75,84,89,97,850,850,1.00,0.15,8.3,9300,0.00,0.20
2026-10-07 18:25,2026-10-09 12:00,42,33,64,48.5,72,85,91,97,850,850,0.15,0.15,8.2,5900,0.00,0.20
